actor.rpg.stats/self	bafyreid27xtogzslgzc3ymbjgnyrx3yykmfzfqesxt537hegmm6hmiajr4
app.bsky.actor.profile/self	bafyreicdwixhubhirckrrt7mqcoiq4u47b7quxlm24r547qcth4bc2ubq4
app.bsky.feed.generator/aaancxhvd5lxu	bafyreihyxi5j4zwi4mtuvowri725c7kpw67iglspte4ykxgew7z7ob2wou
app.bsky.feed.generator/atproto-devs	bafyreigvcg6cxjzqxismjeaif6yg4qaldk7t2l24qluyh5wzllhko4xf4a
app.bsky.feed.like/3jucagnrmn22x	bafyreieohq4ngetnrpse22mynxpinzfnaw6m5xcsjj3s4oiidjlnnfo76a
app.bsky.feed.like/3jucahkymkk2e	bafyreidqrmqvrnz52efgqfavvjdbwob3bc2g3vvgmhmexgx4xputjty754
app.bsky.feed.like/3jucaj3qgmk2h	bafyreig5c2atahtzr2vo4v64aovgqbv6qwivfwf3ex5gn2537wwmtnkm3e
app.bsky.feed.like/3jucak5thpc24	bafyreihxmwu5qrh6ktyo2f6jht632cr7yxrx6qikeoapqakesrxlkbzjje
app.bsky.feed.like/3jucaow7dzl2k	bafyreidyhsstqem43nevh65u6dolhbxmwllpbetdb7psznjl6k4w6oonem
app.bsky.feed.like/3jucavec76l2k	bafyreifjtco4uqas7lz7lhkrwp76erbr4gt6akh6hfcnre7exgsn2pdyru
app.bsky.feed.like/3jucb2d7ojs2g	bafyreibobswhj7by2j475wtnbtknrbdxwjndb2mdjs74bhy6k3n26fw4hm
app.bsky.feed.like/3jucb2tkqss2e	bafyreidza5diyko6ue5jgdjcdklmjqqmm5l3pcnm67kp6tpb46xbzd7rje
app.bsky.feed.like/3jucdh4ph6t2h	bafyreicyssw2zzmfdmkbgui5ckhl6xwvqlug3umtif4nx6kvcvwk2rufwa
app.bsky.feed.like/3jucdh5773t23	bafyreicpbaqdf2q34fgogs7wpzfca67opthm2pafnkmpvlofqtr5mm7d2u
app.bsky.feed.like/3jucdjcaw2e2o	bafyreihccajlkkiqgnshzlfcddiiff7apg4v7w73ezcpl5p2cuztcmt5tq
app.bsky.feed.like/3juceh3omld2x	bafyreidqaia7t2spl4km7izo3sm6xvm2lzwzjew7fmbvhyq7dly7vzbkjq
app.bsky.feed.like/3juch2eaifc2d	bafyreiadcs72zsxwad6tjyj5jrqyieahmynlkjlmwhp6ig34qejnknitbi
app.bsky.feed.like/3jucj4s3sgl2s	bafyreifueijzfynnjwa35vuvpjqy5c3dsij543bjssks6zbughmkpq4wwi
app.bsky.feed.like/3jucj5sf5sf2f	bafyreidnaka2vnkfr3cfgmutylpwx24rxeeajtevztxmy6gsbybfzcgxbm
app.bsky.feed.like/3jucj6qh5y52f	bafyreicdfauktxycwt5lldoukl37r4dfq6zlaceh3d2i7s2q3pjs4pvdpa
app.bsky.feed.like/3jucjaugchu2r	bafyreide3kcsf6kjn76qah243cghddqcdyepbg757a7x3sroiep7p3q5hy
app.bsky.feed.like/3jucqrigqwc2i	bafyreidd5rgtzkhvmdttppao7ilu3hvc3jpfms3d7lp6674vh6nytw473i
app.bsky.feed.like/3jucqrl4yos2e	bafyreigxlnhdentd7allsfyeypvl3ctjgtnlulxuephfcn4e2tig6vdwum
app.bsky.feed.like/3juczuob5322t	bafyreieuevtowobjgfrbde6uynutnodffwsf5vqbzatirf46xnnunknhpi
app.bsky.feed.like/3judaawhdl22f	bafyreicw4abvwounyzbo7in225rusmnept2hoqpqcsstqddkxya7fap36i
app.bsky.feed.like/3judacwuep22p	bafyreibd3ifki5oy4yrglqoojbznaym67awcazsinlf3h6fixnf4ps4coi
app.bsky.feed.like/3judar2tkxz2b	bafyreif5yl2irlsubxwohdrtdt54b55ht5qcwswta5otmejo3cy647ceqa
app.bsky.feed.like/3judardj7qq2u	bafyreibfbwqurwvrbtdiuwe6lnr7uanz54kz5oep7bns2zaffwmqxzedk4
app.bsky.feed.like/3judauw3f4y2u	bafyreih2ek7gpewwtihwsoriwi4iv4gmnxikolmiabiyupgc3hlcz6zepy
app.bsky.feed.like/3judb2yjy6f2o	bafyreieyb6rhmd5c37hbra6fkcbvfkn74hchix3cntyw5oyey7afbzurxi
app.bsky.feed.like/3judf34rhsv2m	bafyreienwf7kd4togkkfk5inbcorjfoxcmbqoehlvtmqwdyctrvorxirxm
app.bsky.feed.like/3judfiri6ac2y	bafyreiblnnbktdkez2lityb2cd6rkmlpzrvogtq4mn6khf4lsohp3amc64
app.bsky.feed.like/3judfmzjsof2n	bafyreicpo5bb2ser6lrphy5tcl62y4zxasehbi4hv2mzldsagnlpmjkhoi
app.bsky.feed.like/3judfo4s63j25	bafyreibnbq6k7stfk3bfxvl56tbrxxo7gksn6iqixpzscjafuw4a42tol4
app.bsky.feed.like/3judgptdfvy2u	bafyreiavzdv4gwu5ldsqetrhxzevjpvk5wyegloamg6klt24frdldkad5m
app.bsky.feed.like/3judgpu7ges2z	bafyreigt4s75axksxim3mx5bpthj5skh6dbfzthllit2knwvrtgnbcfzu4
app.bsky.feed.like/3judmeppiqb2y	bafyreidumpg4uvaitdnkdd2u673zotwvvhef4gstl2nuxwjvfxfmyzzgli
app.bsky.feed.like/3judmftlvqz2y	bafyreie4wcb7izyhrvdvahu2jjv3kwbdgaheozcyvcnszujcdtmrisqiaa
app.bsky.feed.like/3juekfc5o7d2m	bafyreiebyixm7zopfryxsaenoolgllfmdbmmlotuszxb22cnjrnemtpiny
app.bsky.feed.like/3juekfpgprd2m	bafyreiaggrwdnlwv33nm4sgp7retuzpygr7a34qlg5iviqq7gxfp76ogsa
app.bsky.feed.like/3juekp5bq4d25	bafyreid6fh2iponcxp2vxond22z5g47uqgnildoaadxwghgysxdcd75era
app.bsky.feed.like/3juekpg7nss2c	bafyreiecv6dd257pag5jlcgxjelc4fxkw37tacq3trwhituiukeku3a6pe
app.bsky.feed.like/3jues6i4hp32d	bafyreigqefgfujdxmt2erb6whrxac7b3b7hkdlqsoyi5igx2f64ocqh4em
app.bsky.feed.like/3jues6wcotz2g	bafyreic3ms2s4ybkokslykaprxjce6xlq63xhttx7r57ovkyxp3zsspkqu
app.bsky.feed.like/3juesaau4ac2n	bafyreidhwpwim5keusfnprvmzomvvrzkepa7g227kkitm32axcpxkreqkm
app.bsky.feed.like/3juesbjlq2k2n	bafyreiarbaiygyb7ogl5mous4wcsozgra2sfto7ij4ksh7m6xtneymyzx4
app.bsky.feed.like/3juexw5hyon22	bafyreia4fplxv2fzyz2s42xqxhmkb2qrpeduvlczs3iwge5sf2ery4rdwi
app.bsky.feed.like/3juexwauxyr2m	bafyreihnlp3raluyrxy5cystsseiiyyqvqq3ghxlj6svmxtuoyqhjcfq4a
app.bsky.feed.like/3juezfqryr32b	bafyreigg5px7dyygz4fdaq4lyuvcb543zo7gez4yt3g36t5gsbfqcxwihi
app.bsky.feed.like/3juf3jvnns22d	bafyreiav7r2ipd5rocxcnz23g7ga7qrhxj3nkvu4ih5g2qomlwur2vsqna
app.bsky.feed.like/3juf7iy6gv22z	bafyreihcnrujxoqggagvfe7jsukj2yyvxy3rz6sewoo7vpjpb2n3ws64pm
app.bsky.feed.like/3juf7kztr322d	bafyreifxmribwec4zselwl7yjeqs3q6vgx7uchuputf2kp6juvkdqcpyom
app.bsky.feed.like/3juf7lo73tt2b	bafyreicqwjenqjg6vxxrapi5sva6unx4lk4blxwaztpq3iqz6tcsm6mlgq
app.bsky.feed.like/3juf7mfyvrk2z	bafyreiaqvsbi2ovoervl4fh5473wtbeieyqqxwwru44sim6jnvfnho4ssm
app.bsky.feed.like/3juf7pnaask2m	bafyreieugngovwodiaq2qbq3lfcbkh5hmygpvkgl6gkjajwevunv5qxscy
app.bsky.feed.like/3jufdtjl4qf2y	bafyreic7g4biwll3wnjb4shevm6u6cyrmoepfopgo7rqimatxet4c6fowy
app.bsky.feed.like/3jufsevpud22n	bafyreialbxnorzhlnf7tupm2mwuydqiihdzlgaxmkfkdsbm4ocsjs7k6ji
app.bsky.feed.like/3jufsxb3tcx26	bafyreia6tj7vhsxole22ohdurqa5j4hgiy4cjcwqdbtb7zzz356iodjg2y
app.bsky.feed.like/3jufsxiscw62o	bafyreiaomdvgn53m6xvyqes7hlymr6gs4udiknieybwy4szztkcicmyfty
app.bsky.feed.like/3jufsxrmf5c2l	bafyreicx2gxjcaedjwcycfvsibky4pal5n4vdx3orqvm3wb6bqo7ee5wgq
app.bsky.feed.like/3jugyauwovf2g	bafyreiaej26saip5u2gjaxaee7sx56he6inccdtnje6m7pyc3g25wubdou
app.bsky.feed.like/3jugybdp6dt2h	bafyreid2wbwon5mctcnqsr46tpnk6tlj2gzln22optvcf7nuiaobpdwx3a
app.bsky.feed.like/3jugybwmlfd2h	bafyreih2pjv34pc7qkry7mepbg3vjzsd2jy63lo6cr7lhpibpnyydnsone
app.bsky.feed.like/3juh7dqlngl2m	bafyreia5okucruuix26v74cojebwwi76lm7tldyhabl23ask4gyu3bl3sq
app.bsky.feed.like/3juhcdx3qjj2c	bafyreib6i4zthqt7cjkgmpo4bz7pawa6eeqmwr5ookb5enysfwqxualmc4
app.bsky.feed.like/3juhkcvhbqr2c	bafyreifv6cafmv6imfm6r6hmp66iqwdd4obvd264xc6rt3zdp5ngiijehq
app.bsky.feed.like/3juhr24boyl2j	bafyreig3nxalya3imxs6s7vzkgmnfqzmtzsf62kikwgr2fykifbatkpts4
app.bsky.feed.like/3juhrh5xyoz2j	bafyreic7ah7pwusmcznwqoob6hvmmdbjp3wffbigndco2n45rwqan5uqbu
app.bsky.feed.like/3juhrhiwij72j	bafyreifvo4pfba5qznkqa66ezy67kfpbu3f56kvmgft65uc5nnyeyilsjm
app.bsky.feed.like/3juhrqzf47c2k	bafyreigdgv2vzruyfypjar7zfi476esvbkgmfvvfsblhd4fpvu5e4nsz3e
app.bsky.feed.like/3juhrr27qku2s	bafyreibir5yu564r3wuhp5lk6uxwbmayxxapofn4ld6kvm7ehbblq6ifmi
app.bsky.feed.like/3juhrrelsok2h	bafyreicbccjf7gsyclankwkqmedgtpzzxbqrzgyg6chbtr4djihadlhhu4
app.bsky.feed.like/3juhrtfna6b2j	bafyreieafm2smyzuwmpkgtb622ywjcekwtqo2ltuolg3peoh5su5wyhhfm
app.bsky.feed.like/3juhsuh4yck2m	bafyreihp2ohfvh363lzonnek2z3vg45cvfri7xlpy2ggubvdi2j5vwmwoi
app.bsky.feed.like/3juhuy2lhaj2j	bafyreicawsgdqanclxofixrprbdkg7nxjwk7b64zrboz2wzqxpyx6e2pym
app.bsky.feed.like/3jui2qyxtwk27	bafyreibxmrbb2oq6andmhbxxjbptqbscygqpc5xf5wcppy7zupjv46g4aa
app.bsky.feed.like/3jui2r6beqc2d	bafyreie3itucktai5ro4ofey3uopapyhme6xj5i76wd4h5menf37iia7mu
app.bsky.feed.like/3jui2r6sark25	bafyreigpuoqorhwg5idtm2cdkepd37k2wmb4dfmrsjt525mjpmh36qetka
app.bsky.feed.like/3jui2r7tl6k24	bafyreidurc4hgjt7xgdrlettkgvmbxpjxls2nrs4adlxipzroozueqfaq4
app.bsky.feed.like/3jui2rham5d26	bafyreibrj7aqqe3jnbwmglkivckijq4uz2pq3tfz52ohzmatfeppjz3tfe
app.bsky.feed.like/3juiecrycgc2y	bafyreif5nfqs23fxcie2maxudhoynwtibnfidd5jlcfd5dnflindm5bck4
app.bsky.feed.like/3jukbg4te2l2t	bafyreiajgqge4hu6wmkiljw6r6d5x6lyylosgtrdfn7zpscqsqyjwtollq
app.bsky.feed.like/3jukbhmkije2u	bafyreidvf6nx5u6jh2yoa66rn3ecbnvyp6ia73p7vb2hjqn7fkr62p47m4
app.bsky.feed.like/3jukhc656y22a	bafyreicf2gmqiaz76z4dstef7tuiiywynpfsg3xvv3gegoz2cs6qmzn6ey
app.bsky.feed.like/3jukyzsm33m26	bafyreigjyx3fa7x434jhfdgl3f365si7ifm6uniizuttkxftdpabcfszpy
app.bsky.feed.like/3jukzalhhn32a	bafyreielkuahxewtgi5zawbqft6zdlrocqm3ivzhu7av2mrrehftchz2ry
app.bsky.feed.like/3jumd4ga4ag2y	bafyreidvvvq65a277vzv5itkyf7mt7nutxw5usfmqonrvzeqm5cyzp7fy4
app.bsky.feed.like/3jumd4ohb562y	bafyreiez65nkwhvfi4ct4gfjx6drvgq42rbbuky6od2t3vb44ipgicysp4
app.bsky.feed.like/3jumd4y5xll2p	bafyreicckivgyr2emxnyo6rwy5rbcp7jcgutzyhojego2aq6kdtizw6ike
app.bsky.feed.like/3jumd6iyxf32c	bafyreidahq3if6vmssg6ypmv2b66lzj6hiic7rlvaekeqthlskzj4kqjhq
app.bsky.feed.like/3jummhf5gr32i	bafyreiflali7lzytsrsdgxdcidrzkzxiyrpp4tkity2s2mxspm7ihltpzy
app.bsky.feed.like/3jummhfxhs72y	bafyreigsx7jrhob4wiobqo4yf3dwdrx3juei4ogoecw4rkzyhj6mm4u4w4
app.bsky.feed.like/3jumtsjtc5l2i	bafyreib5jyypqj4tmpcuwggrcb4fhkf2ekmlyi4te3rp7dcyvvj7dy7rsm
app.bsky.feed.like/3jumuabhyes2b	bafyreifabifjrlerugsmfsw75lckryfdgo6cc3gvdpqy3nyo4sk7prlh4y
app.bsky.feed.like/3jumualt24s2w	bafyreif4zclt5nnj7uz3um66r4ph3qyhqhnxowwtdzkgbznudxdudaul7q
app.bsky.feed.like/3juojgvr2nb2x	bafyreihrqpk3mxepf3odljk5fs4voc7owhemmtspmgkxuigl5xblsf45ci
app.bsky.feed.like/3juojk7nr4225	bafyreifk26d3l2lje7dovnkga4vifdkbbjoxazip7e6vi4rsdhxqio4ejy
app.bsky.feed.like/3juotvoc2ih2f	bafyreicomjbalqwwgrmpdncgexmjo4cddnluvksc362ienuqffa4zvxgva
app.bsky.feed.like/3juotvp4vy72r	bafyreiannivau6drwhkeeoceq2xwm6hnvvwcaz45s6jekf7id37edmvp34
app.bsky.feed.like/3jup2kgr2kq2z	bafyreickp6bfuubtoop7ublwvvjfbb5rmiq7lfk2hj5ruvlvoxwq3si2fq
app.bsky.feed.like/3jup2lanhdy2z	bafyreifxpy4647af6m3ac2ln62sdvl6vx7hd5rkavx64iwygcijafxfoyq
app.bsky.feed.like/3jup2ocftvi2r	bafyreibm6wwb7svwch7ho72btkvsg6iror3wn6y7xbh5wjtz7y3m4zkcyi
app.bsky.feed.like/3jup3binp7a2r	bafyreigifrr6sk6fjywox5qliihb352ihyvlzeqvdouprbzmzqx6625x4m
app.bsky.feed.like/3jupa2uo3pk2v	bafyreihf7wxuzig5irsrnn2fjjkwuseg75olvudyteqkohdhhsfwhv5acm
app.bsky.feed.like/3jupa3a2huy2o	bafyreid7jojl7cwmnwv7miftcxs7hukp6ovgxgt54mhbq35bibdjmczteu
app.bsky.feed.like/3jupa3cu23c25	bafyreidkvevis2l7sehilkavc2moascfjhmuobav442qnhfbyf5d23a5ra
app.bsky.feed.like/3jupjcnvypv2p	bafyreiandknow3wru7d2wjt3bwaevstqu5r4edlecdnhbrqunlcsgsg7pu
app.bsky.feed.like/3jupofe6vl52t	bafyreidb3uvyuip67d75svecm6kiyghl6foka7ws7e4yn4h2cedqvyfwje
app.bsky.feed.like/3jur3ustv3m2t	bafyreigqvfsbxgpisbh54vfh6pklo5fqa2phjw6fkkobawwpq6iz62ks3e
app.bsky.feed.like/3jur3v5qaye2v	bafyreia3dnmllh2dxjbbztu2p2e3g7m6swvqrr4pqip5szebcm3tdl6bxe
app.bsky.feed.like/3jurk7jzvu72c	bafyreifcg432sczg4cnky4uipaix7iykr5onesy4wipdoyni3tu2jnwvoe
app.bsky.feed.like/3jurk7r426q2j	bafyreifqwlzsyag4pklkd476kfwrfykbiazf3o7sjnlwou3sbhgxicafty
app.bsky.feed.like/3jurkabsavc24	bafyreibqzjwumr47xxdnoj67jhgope24y472g2i54tov4p23nrm6zp6oea
app.bsky.feed.like/3jurxkczlnk2b	bafyreiez2eb7arq6ql26ogjmbna7tci2i4e3f42bb4u6ej5rmysy5wkzru
app.bsky.feed.like/3jurxkr2nry2m	bafyreibaflfqbxnrwlzjw7zapxyjnl5khrlfj573hzsfr756tbrqzhhc24
app.bsky.feed.like/3jurxqlwuxy2m	bafyreihy7wgh5cqke3vvpe27ipvb74ea7g5jiu33at7jbczia2eemgloaq
app.bsky.feed.like/3jus4bkh7w527	bafyreigv5qpn4cxnzlrzr7ao57nj3w6z6eweumnwqtqeol7nfjvldmokse
app.bsky.feed.like/3jutndjnlsk2e	bafyreigb6mg7abhbaudoinqsy7hnuhpld3klcl22gjv264nooms5p7jjte
app.bsky.feed.like/3jutneoksn22e	bafyreiadrvfxvnjuhr63ddf6fws73wj5i3lat7akfr473ij6b532mnwmfy
app.bsky.feed.like/3jutngwekdh2e	bafyreibukwrlftfdxu4nigp2gwgfp6kvh32wqhq3e6mcy43qnt4ru4gx5i
app.bsky.feed.like/3jutngyk7t72e	bafyreifv6ll3zajp4e4x6x4nuwziiakkvrv3id24lxomgvjin6xhjszfbe
app.bsky.feed.like/3jutnhb4vo22b	bafyreieqribg5awugopmd6i3veg5uwis4zykyw2b4r3iygzqvwm7h2ftuy
app.bsky.feed.like/3jutnhgp3gt2b	bafyreidvlb4i63qtahdjxa2nphnov3bufpf5tymyou4ebeonpxxx5ph7pq
app.bsky.feed.like/3jutnkcluvx2n	bafyreibyvhbs6znphpdprn4vlxwukap6xozhdsvl3iizvkraf5fyqnehgu
app.bsky.feed.like/3jutnkfg72l27	bafyreihx3t7cxmhs2zoq6m2vwljjcog66j6jd6qtvvgth3imm7ee24anry
app.bsky.feed.like/3jutnkg6fk72e	bafyreidh4mwrzzw24dwo7gi65ylfyoly6ywtuoe7zdxiu4nmlzqzpvaqaq
app.bsky.feed.like/3jutnkhzj5h2e	bafyreialapchn6ebcw5kp57xjfj4pzbpu34kqpvsrrux4b2qr3mh2szdfy
app.bsky.feed.like/3jutnwg2q522n	bafyreibef5bg2yvrh7wzopcibczhwtdeiy26yxbe7qdcv6opo4ks5ambpe
app.bsky.feed.like/3jutnwipmmk2e	bafyreicpycq5lipqdorbvdvel5zcceabtiqcleg5v6re545egi6k3pmbmm
app.bsky.feed.like/3jutnwms2sh2e	bafyreihk2ooghmkaxtpixgigo6d4tay24q5bf45t3apmkierfospkmc5om
app.bsky.feed.like/3jutnwrw2rl27	bafyreibo4no7gepkr4au33kqt7mstuqw6xeu77rn36c3ey26xmd2uh7pee
app.bsky.feed.like/3juu27tt3y52m	bafyreif5as2f46eimkbj5djqqx4mg7zy2nj4oaugypdoacu5klqdqiliii
app.bsky.feed.like/3juu2ah26mc2b	bafyreibydnorffycvyu5a7sqgwuon4szehrkv5nszwxykzppyahuaxmxv4
app.bsky.feed.like/3juu2baokgw2e	bafyreicdrjq4o5i44c7lp4sgqnxk7giz3mvfju7qpzuchdj7ku4panj6we
app.bsky.feed.like/3juu2clynkq2m	bafyreicqasnptifnfbcrzbdt5ttbnbesicnkk5hypqvnfjws2shdaooulq
app.bsky.feed.like/3juu2cn6w5a22	bafyreif7zqxpzkfz3kolcoff22oggtpnjjp43p46jmxoxpanenvac3g4aq
app.bsky.feed.like/3juu2co462w2e	bafyreia32q6iolpxzk44qpshbja2jajwmubx6yyl5tlso2fwnfqrom7e3e
app.bsky.feed.like/3juu2cpcbs62e	bafyreiajw3mqixfhy4qblcopnl2vk64pdekvtox2c5kmrmskymwhlhqxjq
app.bsky.feed.like/3juu2cpu4qa2m	bafyreib4fayw5bk2q2cbqs7ru7xqnt5qmxigorop6ndxw4s2smqxgv3bs4
app.bsky.feed.like/3juu2cqf6my2m	bafyreiawumcpnjussxdfs37dusildzt4botoknzjpztyx3ljqcmzia6eo4
app.bsky.feed.like/3juu2crqfgy2m	bafyreicgs4zpjmaa42ucs5f3xvod6bfy5qgbsdxpfxju7npwihqxnowdxi
app.bsky.feed.like/3juu2cwn53h2m	bafyreichfuucx6myukfh7qyodtaaoep5nhfznfhzfmsm6ji6xzgg26seyu
app.bsky.feed.like/3juu2cx4w3n2n	bafyreigznppxn5hvpdcf3agogrgjx7fxtotxxlnsfd6mgkw35gtbeqdwjy
app.bsky.feed.like/3juu2cxp5wq2m	bafyreidqogi3pakmek5hwh2afcfyw2s56rlcahihamvi6tbkbupqxssnzm
app.bsky.feed.like/3juu2cy2k6y2m	bafyreihzt7gbuj5cbuqxny2d4yrwyqfzvldczklhix376kclpfqli5ni7a
app.bsky.feed.like/3juu2czxbki2m	bafyreihibkryfueisoyymblbz5p5zshjsdfikmdvf6md5orh7xgxih6plq
app.bsky.feed.like/3juu2d2ivzh2m	bafyreig4paw2yvnb24ykwzlrgq7hlgxdcqo6eiqrmbztxkktbmmcfgn3fy
app.bsky.feed.like/3juu2d2z7aa2e	bafyreiawvzpxqgcdgora444fiyt5d26wfk7a5rmkiom7wdd5cwdy3ry2j4
app.bsky.feed.like/3juu2d5d4mu2f	bafyreic6dr4wpv4gvaplau5ikiertxp7ruykluthpeai76i3m5htqdiv3m
app.bsky.feed.like/3juu3kg6dj52n	bafyreibskblytgp2bqvstllnveedahsvmwtnk4n2gp7jpxzw43krdwpmky
app.bsky.feed.like/3juu3kkkh4o2e	bafyreigp47mgtoflda6m32tb42k5kse6ueycuxebjqxn3bdc2my2ng6f7m
app.bsky.feed.like/3juwvzdut232z	bafyreicsfl2gtrvlvsjx2wboehew2hovvn7w2t4xxmzancp5asltjc4q6a
app.bsky.feed.like/3juyke27hyu2b	bafyreihtn6vict5b273ofuyqbmjnotjoqk2xvk7z3aflq34agdczltzfnq
app.bsky.feed.like/3juykepawna2t	bafyreibgn6nydvukiznacv2c6udjamjokblqipo4uu6zaqcqwoq5nhcovy
app.bsky.feed.like/3juykggysex2c	bafyreicdfppbsh6jzd53yxhs6m5iwprpv7vrjd7bnsfhgxrwatlcbmnpyy
app.bsky.feed.like/3juyzf3h5qt2b	bafyreiea362e6opra6uppdhqatqcct2pqy5e6iyebvjpdwgvajjihwys6i
app.bsky.feed.like/3juyzf3zsdw2z	bafyreihs4zwsjuhwio3aqvihbx2p3kmbluume242eoaz26ry3xaywm2isy
app.bsky.feed.like/3juyzfcit7q2c	bafyreiackj3rnxbxb2exo4yr3ihb7prfl57dt2amircpidvjp4qlbr4zgu
app.bsky.feed.like/3juz5pop3kz2g	bafyreiankmsp356hbqyjedhpbmaylucjdn5kuv4hsjxrusqzg7ky4zewai
app.bsky.feed.like/3jv4bfkcmwe2o	bafyreifjbspzgvvaty2prqqx7jxex3iyn4voknjkcgwokwb4qpnsziv2bu
app.bsky.feed.like/3jv5mppwifp25	bafyreicjrtms2p7ntiardsnlpclnjgdve6rnxbg4ojdu2sntclkln3lkqu
app.bsky.feed.like/3jv5nszj6np2b	bafyreib3u3lphi62ooherj5zb3ifovp5vu5x6ob4uluau5aot2sfd6znmq
app.bsky.feed.like/3jvattkfyzo2u	bafyreiguc6ttwqvfnbchc24rqulphrc5karisvxklgd7s7qq6xf76srcoy
app.bsky.feed.like/3jvb2v57mq222	bafyreidulodjtdygpxwyyp7hqpg34mpfx2mfay74d7q47yilmhscll7n54
app.bsky.feed.like/3jvcw2zvjyn2h	bafyreigsjwfly4lxx5m2wklr2qfciiv6yh7sir4r2i2qlpz62ndtcr2rwe
app.bsky.feed.like/3jvd7ezfink2h	bafyreigsgbezgwelit6r5lf6m5mgfc4nqh6dy6oosjt4zpuffbcsieiuxm
app.bsky.feed.like/3jvd7f55oc42q	bafyreiafgamrjeuwqly2lliva7owifuvzpkxjl3uvkzlvsk2ibou6zrcxm
app.bsky.feed.like/3jvddcj4ywq2o	bafyreidfjihiko4letwcqtmyfyuh6dttxe2wup63jzbzlpfptqkdhrhjra
app.bsky.feed.like/3jve5w52sis2k	bafyreiadjjtcfsnlx4mwhln6ezk7y2qi5sjg5nq4o3x2dl5tpitf5kafhe
app.bsky.feed.like/3jve5ydgjbr2f	bafyreibnvdyzih6ycbui4o5vvyy2b5divgubcgoofgl7d5tnfqxoa4gvoa
app.bsky.feed.like/3jve5yenvzj2f	bafyreifsmr6asf5e2fq725apwktkz5ndhsxxxcxisqvkixf55z6xig3tnm
app.bsky.feed.like/3jvfjs2dluk2y	bafyreicjzqqjmzk3vqems62ttttp6fp5vqetfgph2zfyvs7anyatitmhty
app.bsky.feed.like/3jvfrlzobb62t	bafyreid6crh7l2ja26olnhu4nf4hcdxxr4bddu4zndyy23asvlcg5ivxjm
app.bsky.feed.like/3jvgcszlifs2z	bafyreibxtyclrzastmh54gyzbsx53prbubf5kkgqamg4xuhqnwvannjdva
app.bsky.feed.like/3jvgdgip5p72t	bafyreiehq3645erfwkwdce6tzn24i7x7vzgvwoepjmrwkt6ranndphjgi4
app.bsky.feed.like/3jvgjjyvx3t2x	bafyreiapfrqvlbht5olhf4md3rlcg4fwbquv2hrfqb6sosqeuwtmxbjsb4
app.bsky.feed.like/3jvhs7jf5qx2x	bafyreiajttniny5zihtvfjk623f5bashadc7u7gkbiexxj336v4zljb2ky
app.bsky.feed.like/3jvhsyhgv2o2t	bafyreiaxtnkih5boq6bvdol2vxb77l6x3bwothu6inggigq7ktj3c2xfey
app.bsky.feed.like/3jvhyu6jojk2z	bafyreieki4j444vwh7g3ftslyeravcui3kqbxziqgcw4h3amckqu5h4nu4
app.bsky.feed.like/3jvijodob4k2c	bafyreifkenlceygmcrrmzmhjgxhtcws77qxngc2473gbsu5udk5s6hk24e
app.bsky.feed.like/3jvleup35ct2p	bafyreiespd35sud6x3my53iwykqsawvv24cruurcwj7m374j4phlrzz46a
app.bsky.feed.like/3jvlev4ejml2p	bafyreichuihhpi2zfbei7e56dykzr6aznnkxe5ddkkhp6dhtcui3gyapti
app.bsky.feed.like/3jvrutkcj5e2m	bafyreiapl7r5xt3xqd2w2vd2knvhlxohz2pyik342yqr6o36memykle6mu
app.bsky.feed.like/3jvsa6psnm52f	bafyreidhfj7qu2xaoewmy4b7bnruc5dxxoxxb7qy4zs7fmyd45kjauuu4u
app.bsky.feed.like/3jvsa7d2lng2j	bafyreigoxde5vxji3bqyhriow4mm7oot5j5ma7izmvdb2wb6sxdim3hcga
app.bsky.feed.like/3jvsbcxmxzm2q	bafyreiclppct2szltkr63qtn5ppbopvzflu6yyhxo3rnjilrqzesutlcva
app.bsky.feed.like/3jvsbd2l7nm2q	bafyreicfrt2cv6rqsg3u67norbrpog3rxagdlueallhasnusm5tkpfbame
app.bsky.feed.like/3jvscjkcrph2j	bafyreiefg2uzttw2rryrk44wcppj2wo24pvtcqfmnozlzkr2spznlrc5wi
app.bsky.feed.like/3jvuhnvsfao2i	bafyreiae6hqzrm5buegkw3ar2325plu4zxgueyyzg4bgs3hygoadufqfj4
app.bsky.feed.like/3jvuhqd4bcm2c	bafyreidc66nroogxj7dadwfgughoizfwkqma4hcjebyasde5eqrrvxb5v4
app.bsky.feed.like/3jvuhxbgsdy2t	bafyreid2mb3e3joglg4jgl3cvzbzusvl4hlg7lkpdubq3misu7vroit55i
app.bsky.feed.like/3jvuidxuc4x2o	bafyreib7hqeolpzjxtwr7yymykaf7yyeb5dpykwd2tx3jugfk4cuh4wqvy
app.bsky.feed.like/3jvuie2xvmt25	bafyreiaaz6cojg572iy2iqm5eth6xnpgfxm4ohqsonrb45xadkbdbz2ote
app.bsky.feed.like/3jvurhqwffq2i	bafyreicxstgb7dy7berh2ikk3vhldflvzsdqmj3o5ordf7fqviqtdtodwe
app.bsky.feed.like/3jvvg37nivk2u	bafyreigr2mofh44zehjgmbn2y3c7tj7fpdi5uo5fuhk3sgmshhwma5ayg4
app.bsky.feed.like/3jvwtlyyrts24	bafyreidm5iblkr5apqqzjsnf5d4vh3elxbw3ppsf5nurkunoysaezk5dqi
app.bsky.feed.like/3jvwwfszmrk24	bafyreieknnbu3d7syyk75gp2ju6tnemw3qyefgkyvvs5u3rjcwzxzcghqq
app.bsky.feed.like/3jvx7eijrpt24	bafyreigmotszpec3uarxecor4kbhfuiaqzyqfze26y3fcyshptwexaciiy
app.bsky.feed.like/3jvxqgfkynf2f	bafyreihadxvydic6tywayvfntwfe6a7ayqybcjddlerhtqiuvrpkhpvfla
app.bsky.feed.like/3jvxr4zounf2f	bafyreiflxk3jgkmyefif4bzlr6fntgsasthrwegwpwakda4rnibvjqleaa
app.bsky.feed.like/3jvxxioghcy2t	bafyreiasttuivvpw3hr4wuea2hn6jlza3esbbonoi2zkqqkbdaj3swjuzm
app.bsky.feed.like/3jvxxuvo75n2w	bafyreicsz4kz36ck3um4iozrw5wbfnqvgcb3cca75hlsm2smtwrzzzpy5m
app.bsky.feed.like/3jvxz44mogs2l	bafyreif3dalwhaszqrumambqthj4dqnotxa2pogbuizptki2ktxcl4wsau
app.bsky.feed.like/3jw2hxtkpr427	bafyreidvwnmq3wx7o7unbtkdsrl7ghand2nbnku3pokjwqte4c23m36psa
app.bsky.feed.like/3jw2hyu7je42d	bafyreiethffxdq5z4wylcixxqfiuymzh5jyd3zgpzwhjia3iemvts44kv4
app.bsky.feed.like/3jw3rk6melu2w	bafyreibrn2q7yvoavdry4q4qmvc4nizqk2i67qw3oq5uabyed4aizz7s7e
app.bsky.feed.like/3jwbyz2sjpu2h	bafyreidlmksy34ys52tfqyzs46sehu7wctc7jbgzyzmwgrk3eyt35wzngu
app.bsky.feed.like/3jwbyzqd4um2x	bafyreibicju2xmcwtdtlz4vsrh4bwdaewogdigt5ael4knsxw4jgtv3myu
app.bsky.feed.like/3jwbz27qjwm2x	bafyreiarlzphs3uxtsd25xfmv64metnomiswxeufaeiuq5asn5wdihzohi
app.bsky.feed.like/3jwduuhrfsm2j	bafyreiaz73b47hlrpdkxskxyafaai54jydffru67sj2stvquupit65ay4m
app.bsky.feed.like/3jwenph5ojc2l	bafyreiabl6ykhflug3wa5s5bqyuynoa2gex55lxmfgjxvhebwbexf6dgei
app.bsky.feed.like/3jwfxv6f6qc2j	bafyreihaqwcnzqo5xkc3dy5z6rzopnatc2hl2oimsuga3j6z4xwog5tx6a
app.bsky.feed.like/3jwggu7xwtc2k	bafyreiftdpsuwyvsiyj3lfldb6u34vyvhxphezhybrlj7nnpcv2k23huya
app.bsky.feed.like/3jwggv5ytu226	bafyreienqnlpvoxgxwkn2pazsbdz6qbthxcql5xpoob7f75gafgydo5xnu
app.bsky.feed.like/3jwggv7jkh32q	bafyreiamf33zgjtfsallgx7dhiaho6zskajlpcgapt7ozfmxwdjnbftrme
app.bsky.feed.like/3jwggvgue4k24	bafyreicrwqkhg2yi4zxwrnyoqw3txle5trwb53bi77becpk3s25ifquajm
app.bsky.feed.like/3jwgilztv7e26	bafyreid7zm4c7ypg7a2ozbffz4qm42dphzq25ylmbacrik7ei4tkm5jhtq
app.bsky.feed.like/3jwgnat4m6c2z	bafyreihetisoqhebux6odzi7egfoabvrmcm3yl54d2yt3s4a7w2wnjewse
app.bsky.feed.like/3jwiqgt7i6224	bafyreiegaf7ixsdjqalhvgm3ouuaqeqze2in6ebjeimmmxqn7wy6soaaeq
app.bsky.feed.like/3jwiqku7uks2k	bafyreiegdg3git5hltu5xtmodhs7i44duntj3l3hsnyxylqdktnn2qn2si
app.bsky.feed.like/3jwljlw2sjt23	bafyreibkh6nm3iv2nysyem4pevfkjctnljax7syhs34vowyvd6avj4dd7u
app.bsky.feed.like/3jwljmmnem22u	bafyreig3lerdrd6fe6tlaxf3akmp6hncfy645zaz6xspaxudvnid3i7v5i
app.bsky.feed.like/3jwmgtsquk22g	bafyreibee4d4hmd3l4jjj4dyq7sgz7wmfsuzcemd5m2rhjyo6atcrlbj3q
app.bsky.feed.like/3jwmgtuq7v22g	bafyreig5vus3abxh4k723zrhvqu57laacy7qs6kt3iaawai2qgqkvqnwcq
app.bsky.feed.like/3jwnjwb3ph22v	bafyreidk7dfl72odqmzwcsbetso7yqck2qudapdn5qp7azxxbu5hmvwi7y
app.bsky.feed.like/3jwnjwydn4c2k	bafyreieb2lj3hujhxavgeyp4t64rx4s5nayljstvl5wwazwr2rbjmm72re
app.bsky.feed.like/3jwnkanrpd22h	bafyreiefjwok3zoibakdxh3xm53xzdvcdycp3njwz6kzjc7ffopbhxzcrm
app.bsky.feed.like/3jwnkawunuk2v	bafyreidfzndstkjbdzuzxexbix6uvn2gj74ku4rdxz4caunnwvtc54rl54
app.bsky.feed.like/3jwy6y5bx4c2w	bafyreigtxtbp3y6i74rk3waeda4c6vcqyyoludp3y3vw3dm2pb2twehmbe
app.bsky.feed.like/3jwy6y6dlbt2y	bafyreibgxgad7affbw2ajkxxa5xufhfnny4dveub4k64nize7y7pb3q5ny
app.bsky.feed.like/3jwy6y6xrrd26	bafyreihmwh3w6alsu5p7pginlir2a7dpmibhknk77o4vi3c4lwzhhkengu
app.bsky.feed.like/3jx22r67ou42x	bafyreichbselkqlbxmtuq5mq3qzgmnykx7bua4arokehoi5gupiq5kkcfm
app.bsky.feed.like/3jx22vzhgms26	bafyreiapih2u4yrsej4t7wjaw5nrlqsslxpjvlzz3rouyu3uwoif75fb6e
app.bsky.feed.like/3jx22w2gdv227	bafyreihuvu7bucukahyylnwltiapu27tlgaozxzqcie4nfqrgxgq5svijy
app.bsky.feed.like/3jx22y5eipk2k	bafyreiabtks6aqi43xlcyp6nacufmeefzubby5rgg5o2eugjj33luf3gzi
app.bsky.feed.like/3jx22ysrnjc27	bafyreic6s56r33izbhxygzunii3ecjynnb2m2b2ao7kyfaqkjavscqjtha
app.bsky.feed.like/3jx22zhyuuk26	bafyreicj66xknmqbgt4e5avzkajpm35pdmkiaefqqidsc3xxhtytnqhduy
app.bsky.feed.like/3jx2e4yjwtk2f	bafyreiambacb3l6oerhl5xlrxuoyxj3pirzug3vmuitrg2psqn7h3jyhye
app.bsky.feed.like/3jx2e5aj3us2w	bafyreicicylgh3iz3jbffu62i66ygllkwlps5wyyv37fodu2bnvdfn6nwi
app.bsky.feed.like/3jx4ettox742g	bafyreihj6ykycbgtc3txwd5ntwm7a5t27yog4jaovpmwf2nqel5ar6wehy
app.bsky.feed.like/3jx53orffv225	bafyreic2lc4wmhkgs6msbyplzgbcle5veuqq53qkbvjc7nyaxxxm6hyqsm
app.bsky.feed.like/3jx53yiezzs26	bafyreiaftlphupukp35fqchr4qfiapte5vgfcyzu5huemomuujjip66i7u
app.bsky.feed.like/3jx7abasdj326	bafyreibqe6cifpq7pe73p65gfniqebzw7h36yxp3m7bzyg47ugzh4kj6dy
app.bsky.feed.like/3jx7aberfw52a	bafyreieif6nsosq76c3uyp5zk6c6zxrr5y3hwgebxmjtx34qbhmtbie4mm
app.bsky.feed.like/3jx7abh4bgf2a	bafyreibgwkzn67fwuchefioda63dlnz2laofr7xuerw6lijg6s3s3bkpwq
app.bsky.feed.like/3jx7abktdxs2i	bafyreibghrda6ipoii4alvsnq37rwmt4i6je7kxqwgsankebtr7kbg3mly
app.bsky.feed.like/3jx7bhk7zfm2e	bafyreicshvqbuj2nwt3uk4dmp3ze4h3tpvl7to77l7bi46etlejzckhf74
app.bsky.feed.like/3jx7bhptqet26	bafyreib4gunlxmjg7jwntuym3zh6xgbcbpp54hfqgy6is2tzdtdtseakc4
app.bsky.feed.like/3jx7ceedats2e	bafyreig4hddiu3usrfmolkkgyoub5xkefw37lqwegsvenzcyblpvyy3e5i
app.bsky.feed.like/3jx7cef3ces2t	bafyreia5boews46a6doojovgv27zv2jd3amedko2hsrv2tlodqjq7s5bkq
app.bsky.feed.like/3jx7cepglwu22	bafyreibluacv7fqkzqatt4ocm4lxdrinkdheqdlerwyyhx56g6f3yffrvq
app.bsky.feed.like/3jx7dychtyu2e	bafyreiffqfupwrtctcvvftn4iccz7vs6f4rma3siagmck6it2mgrzjazya
app.bsky.feed.like/3jx7kslhwlf22	bafyreig3xx77qa24oadtrpqihr5paavhksdkksbpw74zuosivumthurwgi
app.bsky.feed.like/3jx7lfzbvwm2r	bafyreifxaqo7ahuooqz4kr5hn63huuqcejv3jqodn467fptzn2g2qying4
app.bsky.feed.like/3jxgxjx7yem22	bafyreie5qeia4cidvwgfn6eho4rypzok24c6leptopy3sqsjiyqjcoo7tq
app.bsky.feed.like/3jxgxjyfcpr22	bafyreid7f7f3c3wo443c22oxosd4kvs42dwox7jek5pm4jvyqxjdhz5te4
app.bsky.feed.like/3jxgxn3hymm2b	bafyreifejjejytnoqxp7b65hszhqipgrgmeka5bv3xgfuwic4wxzgs5hwu
app.bsky.feed.like/3jxjlqpppns24	bafyreibgxcwon3eqzsfmbecd46rgltca73x7ladivaitpmmdsmxwezi5zi
app.bsky.feed.like/3jxlhaarq7v2t	bafyreidrus2y4dequf6fse3bd53btgik4vxnsltei7clpeqfhbloitvkzq
app.bsky.feed.like/3jxlhd3nab324	bafyreia2bygj34eej4wmwdvpln7ggtxrwalxr4izs4uvoa4g5r3w3sja7q
app.bsky.feed.like/3jxo6zlho4w2e	bafyreiboo4j3fol5oorayrfwvybdvzcdgdygsczwejynhuksx45qr6k5f4
app.bsky.feed.like/3jxodisvjod2p	bafyreicnm5obzkswocafn25ir7s43qtpnfu6cxkemz2233orpkp2rfpw5y
app.bsky.feed.like/3jxodiuod2k2l	bafyreidwdbiq3t5kuqddivs33x5gbfpddqiy4hode7ukws5wl6mai6t2dy
app.bsky.feed.like/3jxog45szfu2l	bafyreif5ikzqaaxmjc47w5nxgsjjewpj2sd4rjys5tcg25m4e6nywhylx4
app.bsky.feed.like/3jxog6kzruc2e	bafyreifjffijzlg5wrdmfnotlorjbrjwdjbzr3k2gho57hjgy54aaxmc4a
app.bsky.feed.like/3jxoor2vfnd2t	bafyreig2nxpxbwfchdbu47edfbnogv5pydhptx4n7sge5ibyiiogdxzu2y
app.bsky.feed.like/3jxoponoaob2a	bafyreieyu3c6njutqhm7s3dndk7t6hnhyv33cdhz3kxmgtegz4jssw5t7y
app.bsky.feed.like/3jxoppkgkuh2r	bafyreihknpuyreb7zi2oletwlkwwwe2sydvjjp6uch33n77t6bbyxt27uy
app.bsky.feed.like/3jxoubzatkd2t	bafyreibyrs67hhuzf6xkhy36mpcrq7v3lxjaqocbx44onpfq473wwljbg4
app.bsky.feed.like/3jxw5krtxme2h	bafyreiavg5wx2qqd5qqc4jmtw7zb6vfwqj44ytyd62i6q6rjllurhj6req
app.bsky.feed.like/3jxyuauflko2h	bafyreif7i7ikp2grpqdmkzhp3hcnsromvczrm2zj73toqxp4kqwabbzz2i
app.bsky.feed.like/3jxyw7ywh4s2l	bafyreic2asvf6gpgkvxnw65kpih3ge54vke5ognau2bcllavcupccvedwq
app.bsky.feed.like/3jxyxdudjft2j	bafyreiehpcsm76md3fe262mpiz26b6lcsugzh3l32mlwlizq2qtwp66yfu
app.bsky.feed.like/3jxyzuhcgp22n	bafyreihuoxs2mfo6nxqfucvofqeear4gu6r3nycnrhautbzjbvm6npigzy
app.bsky.feed.like/3jy2oxpcbbe2h	bafyreidmxrkq3qcmkeuqwq363lkzcipkfs4jfa7zv2sgrk53wdmmq7c7ey
app.bsky.feed.like/3jy2oykehze2h	bafyreidloi2mncnvjvcspz7lkfajdhtw64cuizzbh7kx5tq6k2vtxm7woi
app.bsky.feed.like/3jy2oyl3t3m2h	bafyreibvwoxjp7bdfzm7s3dzcl73ka5sxqawmtzrdeg5j6qnass4q5pzqq
app.bsky.feed.like/3jy2wnmpy6u2e	bafyreigngcurpt7tgoz3stx4hqssdmecz3ivy6qym7mqjpok5zeaielcji
app.bsky.feed.like/3jy32xdxota2n	bafyreiafqj6dn6yh5ykdtpgnxrje2pwpppcn6n6pdseumwzybmn3fwiq2u
app.bsky.feed.like/3jy345ljvia2e	bafyreienwcawn7g2zckbez4hxgwvicofjs5opp6fliq57hw6g2taeymobi
app.bsky.feed.like/3jy345m4ada2r	bafyreihstbageixlbmnyktvdcc2g6vggjrllfknxexo37suv72rhi3s73m
app.bsky.feed.like/3jy345ndfar2s	bafyreifr4pwynbpt7xxfajcyli36wfw56y7azli5ikixrpx3blwowf5x4i
app.bsky.feed.like/3jy345oaxjz2s	bafyreieice6mgwnihutzu3on676foa5eotjuqfmj7mi74jlazmxhupe3r4
app.bsky.feed.like/3jy345orvjy2r	bafyreigjjmup4jdhvp2ifb6cclvcvhijzw2mgpji7wcrbf6x4mkpotlpqu
app.bsky.feed.like/3jy345pcsmq2e	bafyreifyfs2jwj4g4lgew6ougojjkqgkwbdobsyepj5fi5yshyeek4qesa
app.bsky.feed.like/3jy3ct5o4t72w	bafyreieulpuwbughhlx2eimathownhwbi6lebjzhnnsbdsz4wmeg6xwole
app.bsky.feed.like/3jy46c3ejk32r	bafyreicgerdfu2k75cqh7czvotgh2qsrt2m5n2re6zmoach4ar5qzull2a
app.bsky.feed.like/3jy46f4gpy42z	bafyreia5egjgs7bo2naarxvj7gjynlab2udadeubucerz3vkgjjkvuoomy
app.bsky.feed.like/3jy7rllztd22z	bafyreidj3mifbngi4uvvwc47dl66jgvuaxpggq54znf6llpf2btdfm6wgm
app.bsky.feed.like/3jya3w5bwqd2z	bafyreicxm4a37d6cg52zsqwye7toxy4jz7ae52smwv4fh43bi2elwvrtxa
app.bsky.feed.like/3jyadhsdcic27	bafyreih4lnezxocsk6i7lc5y6tfrhlrjqh5mioq7j7mlf5j337ykvmglwm
app.bsky.feed.like/3jyadhsubhe2h	bafyreieyvphkxhfxarhubiymwh46ih75mkhnfjkr3nuk7wj2o7v7hhciga
app.bsky.feed.like/3jyaefwfub72z	bafyreigkbwyhe4fmzhtfjp3vnqno6og4hab3mw6q5f6bufrpxzvuuadqre
app.bsky.feed.like/3jycpujigik2z	bafyreibfc5o2rbr4iivdedkux2blnaykekvvkedu4isyfm2h3nusrbts3a
app.bsky.feed.like/3jycrrysyft2u	bafyreiabhrazvzwxb65epg4jzmycvpohxx5njos6isryx7ea2bvbeybsty
app.bsky.feed.like/3jycz3ygb3r2z	bafyreiagiuggzfwsymbfwcrkrunggav6q4vbq3g57tue36adzgoocuamfu
app.bsky.feed.like/3jyd3tgjgyj2s	bafyreidgdsrhqsfjgnh6yhlcr2r2f3kbc2rmls4cqwxfhum7e6fdggyex4
app.bsky.feed.like/3jyewx5rsgk2y	bafyreihagquotkxumffn6fagq6cs3u47glsrvscqdrwwk3nz5bky5mljcm
app.bsky.feed.like/3jyewxryomp25	bafyreida2saqelqrecnwd353fbgnvf7vvyclxlycpbwzrx7tjyf67wqdry
app.bsky.feed.like/3jyk74xy2zj2f	bafyreia3s6xpp6yamokny7aswojvodrpcmsu56szr6m6xp5hr6uwh7shbi
app.bsky.feed.like/3jyk75cromy25	bafyreidvux6xrs33ed253jp6vdymzwn4qvhymej2y3ddrf5bol5cypi7sq
app.bsky.feed.like/3jyk75wrryu27	bafyreibsojfgpgcoa6slmixsxf5l3qgwft6u7zxvvwjcf6bvckry2fzk5a
app.bsky.feed.like/3jyk762wi4o2h	bafyreiaqxhvovjm4rdktdphgecterzyrxyw6wvwx5kg33yscvo4sl4jkum
app.bsky.feed.like/3jymku4elgg25	bafyreid4przzdffofpt46vpmr4gx6qrkpu6lky7yqkfeazdxrs2qmd6gdi
app.bsky.feed.like/3jymmusagb52z	bafyreifdnewdc26rhypdckbepkdp6bpcnfwacrbzm7p432oopruqem3czq
app.bsky.feed.like/3jymoys5xsl2y	bafyreigfr4agdfln3bsan3yb2p4qj2tsjf54htbzwirhygxtrjtga4tmxa
app.bsky.feed.like/3jypijmiv6k2q	bafyreifwfd7zmb5vqzxme4yt7fc7mqjfce3ui5gluijswkhufgy4alu5ru
app.bsky.feed.like/3jypijn3jux2h	bafyreieskotccgdrsne3qkcp2hjjf7jjhodut4rblsbzsnrdyexal5ppaa
app.bsky.feed.like/3jypijopb4s27	bafyreiauigb2wuq5ro4qxwcedxbr7bjpyjluohkerfvie36ybe6pxve2ci
app.bsky.feed.like/3jypijpibwo2x	bafyreiak2vnkl7thi57yv3nu4du4zxcch2hjyx4vzsn4jaoswgddmn33h4
app.bsky.feed.like/3jypijq5ser2z	bafyreihtzlbcaehpoetueczh4nxu6hreuod4enucee6wt4sd6lxqwblvey
app.bsky.feed.like/3jypijrmrdy2y	bafyreih2qtacvdrbk3gnbjr2j4recntvy3caphc52ftuyj3vvvjme2pyam
app.bsky.feed.like/3jypijsebam2f	bafyreid72j254pant6gw6dj3s7pmjgk5gvuotkqupp3azrvqivkrj2642i
app.bsky.feed.like/3jyqakwqn7w2r	bafyreihik6uv5yc6rxdxzjahwm4ktenql4qphonpwzotssakyvpd5g7nka
app.bsky.feed.like/3jyqbplct6o2n	bafyreiho5dfn7ehl5b6ld6cksd6nlulu6dgyslaeddfbo4tb5vzhjgssn4
app.bsky.feed.like/3jyu27kzeo22c	bafyreie4dafhzkxcijd5ftzwimzbs3ozi4q5l3tptzvjjopf7ll5ivbhva
app.bsky.feed.like/3jyu27lmkwc2c	bafyreiaozoqvpqqjzcxl5xyeva4kvicnpzl7m2rtjsldiej2fmzj3tzxni
app.bsky.feed.like/3jyu6mppihl2h	bafyreiehwybhjdyf4b6t3dxyps2khvorowreb2ewv2x6eta4hdv4wagfxq
app.bsky.feed.like/3jyu6n3ugqq2h	bafyreifow5efed7lsnhptpwro6uoyarpipniif4ijrf47pgm67lfeqfbky
app.bsky.feed.like/3jyu6ndwenr2h	bafyreibch5vxl6w3zji5nupuvilrude5mhfpixtt6qnctubfjczwedhk2m
app.bsky.feed.like/3jyuhr5dkft2g	bafyreiahijlyezhkjta2bpsnmoo3nmh7tl64jythuxy4gsumggttnydmge
app.bsky.feed.like/3jyuhr6ef6s2r	bafyreidtsp5lqa2g65uwyud6jrxz42mrylnqfzlyw6zjxpexyfenteh67a
app.bsky.feed.like/3jyuhr7j22726	bafyreiazibl6ocweemqdp32mb7tdqbl6rolcoj42dh57s543j5occwpzae
app.bsky.feed.like/3jyuhra6cpd2g	bafyreih7z4uslilfehdnx7b4hm5kfwrzloyyc6zhnfbp3fdx6pfxjwcvli
app.bsky.feed.like/3jyuhrdpcw726	bafyreieu5xb5sst6nid6tm3bpuj5t4npvdgtqlvwbfjtuwqz4qqt7d7yzu
app.bsky.feed.like/3jz2adhepg22y	bafyreigizdpt45iyvrbp52cxup6akx6a54xem34i75kmgaztk65z3ub5uq
app.bsky.feed.like/3jz2aduhgsg24	bafyreib52tlli353d3wma73pvisxdroxgoe3gzr6hw4zuobaklpmhvxjeq
app.bsky.feed.like/3jz3newh7dd2x	bafyreihgnlfbw74ypcmukx3wgmxp5b2rggzsdgqaoozabyk7p3br4bkxbu
app.bsky.feed.like/3jz3nexthdf2b	bafyreietqkxrmdsjlgxpae3te3v7hk4zqfjbor5hqc3sxxdxzjbl5umbka
app.bsky.feed.like/3jzb2ly4slo2i	bafyreignuaxuz6gxuukfrv3vl3hc4awkqtr27wqm72rzjdczwacetx6tsi
app.bsky.feed.like/3jzb2z5slf42i	bafyreiakk3ksdtllucwry2o2khb2sig5q5wsr4b6a57rwks3trjo4zhqou
app.bsky.feed.like/3jzb2zbkefm2r	bafyreifwa3e7sf5ntvsxnwbzvn7gc4bls5462jk4yinqxktuuhgvl6mkja
app.bsky.feed.like/3jzdnyoqqys2y	bafyreiaxvbnjhjd4moz2r7a657fr2whmdurtmyyueumw657h4ealqdiaji
app.bsky.feed.like/3jzdnyqy65h2f	bafyreia25vkfulupkxuv2z245jjehjksc655aiyyrddycbhhroiyahvyka
app.bsky.feed.like/3jzehqdibum22	bafyreick3aldrdn5sbku6wf5kvtrqcadibjjo7vq3qoouhky4nzmmiczju
app.bsky.feed.like/3jzehqgffee22	bafyreicon7wm5vharafiww4tavrdrdx2pnhlesxiyzqj2rq6mxwjxzbdci
app.bsky.feed.like/3jzehqhmajd22	bafyreidoo2h4vhv7glyuul6w2xn67sxq7hxyklq73nbodv2g2yjads7t7e
app.bsky.feed.like/3jzfkcati7g2a	bafyreihibowkqgkt7e46lyyptdm7fmfdas5oce6ukaip6l45gm2n4lrj7e
app.bsky.feed.like/3jziqr72jhv2p	bafyreigwm6ngw6hpyui7vu3sjx2b4jq227uc33gtg4rmvhemq3lj724yqm
app.bsky.feed.like/3jziqtylwsi2e	bafyreiaz5ihpivryuswjm3ttzh6dqamkasu2476bk6mx2ztfzuldx3qo6e
app.bsky.feed.like/3jzjck6p5dy26	bafyreid5bamyrvd6subia4usxk4ihsncfrxiwktfiuet5jpfhulfl7tbqi
app.bsky.feed.like/3jzjckblmdd2a	bafyreihx6uikugpcnu4k6depofvaunlt77vmh4ozngzucn6lv4htq32gvu
app.bsky.feed.like/3jzjckcvswd2q	bafyreidamhqjs4ltqulqedodqr6ww27sz7wa6lgfx35x2jv4ofk7zmuhbq
app.bsky.feed.like/3jzktmif33f2i	bafyreiggsebq4cxele62hgaeseyjiqlqe6jpm6xpdw4xl245r6fr7siece
app.bsky.feed.like/3jzktmpjrgy23	bafyreidul4pswo7z7jwz4w5gidbuxrs6b34krdjw553yhhslcexstwqlmu
app.bsky.feed.like/3jzlnogfepx2m	bafyreifpzpmmlqfjljoliroaap5islpmbye7xcfwvecknlrmkuen5u23oy
app.bsky.feed.like/3jzlp2gye5s23	bafyreibluiplnxy563ufvocv3wje3l3i3b4uryydwv6t75alwt4pbxf7xa
app.bsky.feed.like/3jzm2veslz722	bafyreibyi5ri5ehpxho4kd74vfmklrgjenyydokzmstd4bqadplyybvwam
app.bsky.feed.like/3jzm2vlhofi2u	bafyreihzvbzrknuiujipqigwuj6xppfpgqnqtxxxczfa7v3jseywr5etq4
app.bsky.feed.like/3jzngg2lx2y2q	bafyreiea4zhd36fuk2mpq6ifyodgvffsnwauthjq5m4aqdmuyecrlqaoqi
app.bsky.feed.like/3jznggdjhry2q	bafyreifiyxeesjhwlyf4mk7igoni34vpgftvber4frcvoh3jotnjbgg7my
app.bsky.feed.like/3jzpldvavnk23	bafyreig2z2zbcalylq2tjrpxs5ghceguciuwqxdfqte5fmnezlmofikksq
app.bsky.feed.like/3jzpleph3tx2g	bafyreihrrqv4qnics3ichkz6y3d7xu2hpmx5acszqut7iuh6sxpdtizznq
app.bsky.feed.like/3jzplesnh7m2v	bafyreigostq66jqxsja445xedkpe4dkexyr56jhv2n4qbk7gr76mp245ay
app.bsky.feed.like/3jzs7r7nigd25	bafyreiejvp3tb4wvrxwv2pje6jzyobwsr3l2vofyu6gyqco4a3zyoa2s4a
app.bsky.feed.like/3jzsjrnliw326	bafyreia2teqzcfofbmjqro64qb3nfr6vc6nq5zdufstkkpvkppoy22nea4
app.bsky.feed.like/3jzsjru6md32t	bafyreicul55d6zlbwkijyrsky7anusbw6sfdojr5dmpwbe7nb7qys4joxa
app.bsky.feed.like/3jzsjrvtaol25	bafyreifkbekp4e5jute7uvenckf6ogue7fiznumpvjsrur4tfv7tzckxhq
app.bsky.feed.like/3jzsjrxddhy2z	bafyreiejxflyape6ka5bwscvshfmnqluz6gvxvexpm7pgp3qw74lnzciwi
app.bsky.feed.like/3jzupjft44u2u	bafyreienecadj6eclssygxrqsvbfkks5y5uycuaswlrgvhbju7khcnpeym
app.bsky.feed.like/3jzvrjze5yx2j	bafyreigss2eihsircfpdjtlof2nxx7azs55hxk5mbhu5qabmo34i7wd6sy
app.bsky.feed.like/3jzvrkhwb272j	bafyreicdqpcqhpp5qehbqtjqb6nsyxk47of7iegviyeo6tb2dyye5z7gye
app.bsky.feed.like/3k2q7a2cvwf2r	bafyreibr2dl7gdgzns6b3pf3rmosijyjtsc5ojkcri62lyuzhki342ux2y
app.bsky.feed.like/3k2q7a5ihxs2c	bafyreicpjvjgtaovnef6lhd7h2745iitx6ejewsd6s32zs6fmgkxpm2afa
app.bsky.feed.like/3k2q7alpz2y2f	bafyreibzf6b2q5ngugpjt435pmb3ffkryhmgjqks27dxc2wmeokkacrjku
app.bsky.feed.like/3k2xsinmqfr26	bafyreiciayjthxolk5t3pquuqimvjoixv4ihzt3p42dpbzjupw7midzaam
app.bsky.feed.like/3k2xsiwr3ur26	bafyreign5444ol5uvuhzthguua6pcwqimsgzq5t66xcii26uwngee4wxmu
app.bsky.feed.like/3k2xsiy5jt42w	bafyreih5qi3i6v4ezgl47mviccqn7tnmuhd42dsjazh6ik7tq7pzez3yay
app.bsky.feed.like/3k2xsjm3fun2v	bafyreickvhedvoipsvf35ugjhlwo3unzkgvhbq24p6cm2fmesti4med7jm
app.bsky.feed.like/3k2xskac6ag2q	bafyreidfu35cirdr55tvz6646nhzyjvaut34ch5gnuseqx6al5nbpw3pki
app.bsky.feed.like/3k2xsle5e6y2w	bafyreihtuf2ind76z4edzu3h4igb3vw6unx5h4tf36c3xo44532tkxstuy
app.bsky.feed.like/3k2xsljxsyo2q	bafyreiglec3c3qr2qssuixoxh54o635xjkeisz3xwj4u4ypafjsghy677y
app.bsky.feed.like/3k32y6huan62h	bafyreiaomhksfjwnztlbevdt4jyaiwwbo4wwtezw7shx2wmr4ieo7dadre
app.bsky.feed.like/3k32y6iih4o2h	bafyreib2fm3mrl3dhoopbo4jey4fwnayi4rhchpmgcje4zxonbh5lobsou
app.bsky.feed.like/3k3a2hzy6xo2r	bafyreicmkf4t4lqfzz6hxs33s7al4tjd5q6g3hjfmhxplpk452jhbbnqw4
app.bsky.feed.like/3k3eipo67sn2i	bafyreif5lxikcgrmgsrzgw2szu4yauyz3gszmfjt6icpixzbd2z7bnkxbi
app.bsky.feed.like/3k3ejldnben2y	bafyreie7qseb6spz62odfzz6mwaxzlk4asrg2dpbfvnlobmkd2xhuzvynm
app.bsky.feed.like/3k3eke3tqbr2d	bafyreicmhumlfigudlifwnezojm3puktfijzz7qgvoimvue4vuq4gwfdye
app.bsky.feed.like/3k3fkwigghb2r	bafyreihootknbunbbxxo4uovrr77aduhkpj4rtarfe3xxanfxjxg6pukte
app.bsky.feed.like/3k3fkx7einv24	bafyreihj3brvowaaipoh7bnofsf4hsnnyertjewmn5tuh4dyewpnfmn6ru
app.bsky.feed.like/3k3juzv7n5r2i	bafyreieqa54ntevwgqahcrbhf5fi3i6253idicn233vlxllzvhzx2nqghm
app.bsky.feed.like/3k3jv2lxrwr2i	bafyreigkjyxcyncoaqjkq2tx3ffbrz262r5tzlcoengwj4g6qyk7shha6q
app.bsky.feed.like/3k3jv33fsjm2u	bafyreiahrfe4reg4znh3bllocwyawmjbjb47buz2xg6m56qf4el6frvafy
app.bsky.feed.like/3k3jv3ro6gi2m	bafyreieezkstxicdqlylruuhz235myw7ycf4y6ymog4gkz62wm3igysesq
app.bsky.feed.like/3k3jv4nod7q2q	bafyreiazku77mgmllxe5afprujqdvr5jfqwbnqiozk2gx64rrtrdthc67y
app.bsky.feed.like/3k3jv4yxonu2u	bafyreibty7tm22kzxhut6aw2roeegcjtcf7hxn52opglb2mpkrrqwmayky
app.bsky.feed.like/3k3ullu4eo22x	bafyreidizytqbjizqldwwafkgef3ml273kaf7tzodqylrsmsswfc7wk3vi
app.bsky.feed.like/3k3upf62qua2j	bafyreibg5e5zm4qsgtdbvi3onvzony4nuihu57vrsy5r2wqhrdhaic2f2m
app.bsky.feed.like/3k3ws2ebmop24	bafyreia2yamcll3zt7vzvkiw42vluspcpzyantdzjxclxp2auojltuncoi
app.bsky.feed.like/3k3z46jvqf724	bafyreiby4hwpk7e5j34powfen5fx63seumc3ry7upjmwndswdbkkec4tzi
app.bsky.feed.like/3k3z47asn7a2n	bafyreietayveeni6o6wqz2v6ixbok72xulcb6bjd3ld3a44t2g6whbatee
app.bsky.feed.like/3k4fkpteswj2l	bafyreig22vo25mt3bnmperecuyrz6p3qrcprvq6k4kbaksbvbilxt26cgq
app.bsky.feed.like/3k4fkqxowkh2i	bafyreic6dlc3t5d3pe55kmlbuw42gosrrbr6jezkcrfliq3yg6u5nouzja
app.bsky.feed.like/3k4hjjr65jk2q	bafyreiclwbt7lvbg533k6c2c26qwb22rkylskutqxcokwgcb5uzocme2di
app.bsky.feed.like/3k4hwxzwlh32v	bafyreicslvujafhbncxwhmsb6umtp3vgrohykv3zgbdvddga2yavp6553a
app.bsky.feed.like/3k53men2vwr2j	bafyreiclcppw32strd7qy2zfqjuakwftehegzvh2vclkwyuj4trolvgsfq
app.bsky.feed.like/3k53menmt6q26	bafyreibqgsh46k6lqp4bjjpgta5likvuhts7irohaf2l2cz3koggk35zru
app.bsky.feed.like/3k53meq3fxy2r	bafyreidwlkcdk3govyz5xwzt6gngoqxdwzygl7go3xxv5qk6vwalomr4y4
app.bsky.feed.like/3k53merzafo2g	bafyreibjwmastcmaj5tct2ma6t77udiial4y4essl7jpvmcxpw57jriyyu
app.bsky.feed.like/3k53mhuuzm52d	bafyreiao5sub5z6cy4yqzgqjwdncsbfqn6f5jv4nteow3ppu4a5edin3yy
app.bsky.feed.like/3k53mhyipqv2d	bafyreic24ev44jwpfhcvlnpu46wo3xrpv5nzmcq5wf5fusov65u6a25rke
app.bsky.feed.like/3k53mibyvyb2j	bafyreiajrvc3tgbrcktgao4rakcerlieyt66rvetbowmdwxratild66t4q
app.bsky.feed.like/3k53mienw3f2k	bafyreicfkjlaxl2l5datnb2ot2wqtgyyly5wubxjkvap2i74m4wcs2lhhe
app.bsky.feed.like/3k53miihjfu2j	bafyreigo5ueqkgr5ipyptrbixtvalje3ssuezlzhszloq6kwpw3ixnryue
app.bsky.feed.like/3k53minwxsr2r	bafyreigtiwi2zrgy5hlura3ikae7vi6ocshvecm3lsircrcrhd7zlyphaq
app.bsky.feed.like/3k53mmd44fo2b	bafyreigpjupwe3ananja32dgqz3dzqy7srpjdvhe7t4bl5mz5kxakgzqji
app.bsky.feed.like/3k53mmgg67t2f	bafyreiawtchphsqaass6vpytrddfdr7c6ofz5vhne755ic7qxxm4pnkyoa
app.bsky.feed.like/3k53mmjt4kd2f	bafyreicm7gnx3j7wzfvkettukehoyz2zizvyflrwmne7d3ru5443rhz2se
app.bsky.feed.like/3k53mmmhmf725	bafyreibzh2loujvod72lkc5x5v2jiyhkwvphm5hmkwzsinfci2tdf25fgq
app.bsky.feed.like/3k53mmqa5qf26	bafyreihgsgnrfe2pbxeyiyv2kkyvfd22vxm5znnd4o2jrgkanaqzs4yunm
app.bsky.feed.like/3k53mn3fr5i2g	bafyreihm7wux7e5zvubzkyu72tzrowoq6nkowbae6wewxygjkqexxajdwa
app.bsky.feed.like/3k53n7uakxz27	bafyreiam4or3ewtgbjtzp5r7amcanrrqxzve2z2i4a66vfzzsfha6n5owy
app.bsky.feed.like/3k53n7vhupz26	bafyreiawn23arv3lnibufjtyznnvp6yirhekyhlitfdkzknbctyhcdpcde
app.bsky.feed.like/3k53n7xygr22j	bafyreig7qemxotonnutpcwnu6monxlbt3nxtggkbud2wje5srccxqmiuwu
app.bsky.feed.like/3k53na4skfk2j	bafyreib5cgls3zaiofjrnbzuexvtoewld2atxq4lhrklziz75k232jwrmm
app.bsky.feed.like/3k53na623aj2z	bafyreidziujg2haqfblxnkn55to5cuwm4aqabjr5pqxcqocybosjmdifji
app.bsky.feed.like/3k53naa6yib2k	bafyreicdbuqzf3e3w57rdvwxtssxjaf2zm6ksriqjgkw4xi3ftt6alyaqi
app.bsky.feed.like/3k53qa3vjex2d	bafyreicbazp7taneredqse7mwd2emv6ytwy3l6eveqkvhdplnftacnah3e
app.bsky.feed.like/3k53qa7n4mf25	bafyreiabotolhxpovmnlbygerpz2ipwazmh5ngm2uh32jo6ei7pk4s2xcq
app.bsky.feed.like/3k53qajoveo26	bafyreihc4ikunvyzdm4zyurm6hqo3tsosmmrbwuta7t6zi44ouhiwjughi
app.bsky.feed.like/3k53qau6gt42r	bafyreie2k2rcn4xaw6tfohcg54lmkwjmire2zszok23e4j7cw6pjri5e7i
app.bsky.feed.like/3k53qav5ygo2j	bafyreiajk7jaa6zibhwvfxij3drcxzjo54afuhtgidayxu7h4faohp6c64
app.bsky.feed.like/3k53qay5qtc2j	bafyreigzfb55twefl3yiobsfu7jzsxl6ly54kmg7x6b5wvipmqjxsww5ui
app.bsky.feed.like/3k53qb2asgb2g	bafyreihwmnei7mymkxkbgtcntcs4pjnqqg66vvtgbtz5cmm2vyatdhckxa
app.bsky.feed.like/3k53qbaw6hk2j	bafyreiepnktpskugl4tyihfr22owg5zdqjxorncsbxfyoij4j4oghkjr5m
app.bsky.feed.like/3k53qbey4ra2d	bafyreiex7um6mnsyrqcmolm5hrha3cpaegxsqir5lzyauztjcxlxiqdteq
app.bsky.feed.like/3k53sbxzh5d26	bafyreie6mxijzfz3nndzrmbz7awbqlq3xkek3nc256v5vcwypnspwbqbbe
app.bsky.feed.like/3k53sc7hgii25	bafyreidaflmw554bnm7p5bcvrhf6qbproeajhmnviqnhvgyikzxiowwz6u
app.bsky.feed.like/3k53scaszu72j	bafyreielwa2cpqn2f2mqcz7wytstu3thtqh77z6hz3qthbvnlj223ycwbm
app.bsky.feed.like/3k53ssrodsx2d	bafyreiefypksly4nwih5s4t4d572ef5fg6uxrkxdgznshmt4npampsisau
app.bsky.feed.like/3k54dkq54at2b	bafyreig66q4xzylev65h6uotzd5k54pea5nyf5m4caglggzjajgyqnddly
app.bsky.feed.like/3k54dktxucj2j	bafyreihd4aob42prxgox5lltktdq7nn7m766hcfgnt3cn5xvsplz4lz74e
app.bsky.feed.like/3k54dlqkoo42k	bafyreieipu5rolcfmu5ns57prafj4yexs3i2bbxxscn2qq2u4y75dpmkf4
app.bsky.feed.like/3k54dlrioey26	bafyreifitd5t6ms7mebtcoocy2ch4vha2drcbqmkd52yo2j5mxphq2xgfu
app.bsky.feed.like/3k54dlsc4lb2k	bafyreibur5mw7nmn3ohrnw5he5zqdra2upsj4q2pgk6koxhjt35ydbujkm
app.bsky.feed.like/3k54dltmka72d	bafyreiekzi7o6335tseu3lcur35xxj7addskhgfmay7ksqp4yf73i2v2ua
app.bsky.feed.like/3k56c6rdqme22	bafyreie6ynuweuxd6rr3k2edz7k7s2covtba2gt3qiyjh5xfizrjuq5vhq
app.bsky.feed.like/3k573vetrlm2g	bafyreiarz7q5ugp2usdkiafhk5jbqljfutlkzbtyhlri5mltdozr62bcaa
app.bsky.feed.like/3k5b5grmadk2s	bafyreiguet7dhaosqwl6pdqdtvs54l64geh3q3l7uhm5ko24sbih7r7fu4
app.bsky.feed.like/3k5b7ob4klb2p	bafyreibbyam5wlfkjvxqhyr5uuta74hwtqmqwq6nmn2mpsslboy2l2tjym
app.bsky.feed.like/3k5berlolwr2e	bafyreiaruc27gwk25r5fdmfriw3jkraisymt7vnkpqw2oph5ujk5vhd5cm
app.bsky.feed.like/3k5bermjcil2w	bafyreicggd5lr5ha7c4lsbs3wq6w5quoi2cuego3rm25qk46zjgwe5knze
app.bsky.feed.like/3k5bern3ryu27	bafyreighta24wefuf5fxx7mudewjlffemdqhcf4hhs2jsv7g6oxsrm7hry
app.bsky.feed.like/3k5ibi35apk2n	bafyreig5fk4qj4fpfyan6fcf6hbwajo6oumuqobtagwlgn6xbxms2rnyga
app.bsky.feed.like/3k5iv2oxinn2h	bafyreihjskfdk2rdozwv7hsxxy3dieffiylrrxbtl5lryf7ujrq7wxh5eu
app.bsky.feed.like/3k5iw5s5nns2c	bafyreicrb3pswapxywnvzyeahebpmlenrvhzp4mgc54mea7ivvlxielddy
app.bsky.feed.like/3k5iwaosgpc2v	bafyreiclnhingczcq7lz4dpiryeuasjseetihkd3in34nu4fjcpyakvzfm
app.bsky.feed.like/3k5izdy4i222o	bafyreiblfemsgryvclq5ocku3o3iye7jcyjxim2hjv3mmrlaewkohetjv4
app.bsky.feed.like/3k5izdyudpl23	bafyreibwa7vhtyiyoho6rr5s3gpurxsipfp2omipia6joooichj63nprju
app.bsky.feed.like/3k5na5ipair2e	bafyreihkvuw4lfreayaqmgejmvwmp5zstmq7gbhh5oxh57ajspfgedxbxe
app.bsky.feed.like/3k5pthxjs5k2o	bafyreiebagrfimkskzeoibr5vvolw455xtczvzoat3jtdnbl4aqwqh5gg4
app.bsky.feed.like/3k5pubugh7i2x	bafyreieks6nhq4u7lt2kreoj6gahmwio6cl3gisd5hatmp3yga4dz2mexm
app.bsky.feed.like/3k653lcglic2m	bafyreibsg6q4e7noafawvpjthkttt5vhdedqg6mqmp33hehswkyfollwum
app.bsky.feed.like/3k75276ksu22l	bafyreiadtp3dnq3febpetnykdtb7gfi5oqbmufijrjw6u2ctydblhtm2my
app.bsky.feed.like/3k77ta7jt6z2f	bafyreif4lhg657bjj2sw4f7nf2332p7bqdytel6773o3hfp6u7rduriugu
app.bsky.feed.like/3k77taamph424	bafyreibu65ohruo6bf5zwiahscijkpimw2eaog5ld4sxf3etkzxd5gcgwm
app.bsky.feed.like/3k7a6wgnnou2j	bafyreibz2mqoa2zbavczzayatpghbjylt2asmql7mcy3i4woym7hgcohri
app.bsky.feed.like/3k7cirjbqk227	bafyreig576rkogn5tofwslr5sh3vgqmlbf4l5guwsmmf26puy4biwyq6ti
app.bsky.feed.like/3k7citlukij2f	bafyreievo7ozkwixjhgwauro3frgvv374drfe6wugn3s23n2lefublxmk4
app.bsky.feed.like/3k7gxkq6c3c2r	bafyreib36ueiqays7gdlf64n46qyftcec4bcutkbutns42ywaqxepgk3i4
app.bsky.feed.like/3k7h3jorjnw26	bafyreicvg7mcmuwoge3vwttnwbosidrtkyl5hkwhgg553i5och5xpg3g5q
app.bsky.feed.like/3k7h3jq6rty2r	bafyreiadabt3bk35v7ala6sebalbc7od5s4soh3hkj7yfp7kufl3dyc5ti
app.bsky.feed.like/3k7ip5xuaol2u	bafyreiaa6kvohelmwkswzddu3as7dp4noioqjwlmi5nfsnuwelistqmh4e
app.bsky.feed.like/3k7r756ctc42y	bafyreibllttbfso6t6owf5vsc2b2lkfs6m4lvzrsgbvqzaam26mddc2jna
app.bsky.feed.like/3k7r75iwdl427	bafyreiebba32d4epudxtnmtjkhq2q5yjztpvsijvhjg3prjxfhijcv3z4e
app.bsky.feed.like/3k7w7cikkyc22	bafyreidiok62omqt363yliol5w6fig3k32kh65cv5fhqpsmd5w3y6p6psm
app.bsky.feed.like/3kakf4pnrsv2s	bafyreicm4rr4znzvbjhz6cgoxnr5d3etdcznibdvwxp52afazyoxjahzp4
app.bsky.feed.like/3kasisqvnul2q	bafyreibcvaz3eftsxhhs6aanrskb4ejdhlfrhm6zb75rm43goplzmmott4
app.bsky.feed.like/3kasitl453v2y	bafyreihszdgljlr6ynzokz2vlewr53i33tlom6ihlqz3vytdxjllzdrc54
app.bsky.feed.like/3kauji4nyov2p	bafyreib3tpgyik6nzir7zkheg5itnulmjc5acmiotxjqx5ltgqth54rmgu
app.bsky.feed.like/3kavffremg72k	bafyreigzgwrwssjfydrjbmi6xlg2zsfmfmncf7xbb4y37k6nrlfsiibzgy
app.bsky.feed.like/3kavffu43bm2o	bafyreiaeei3nfsfknqs2375ca4bcwty5kdzen7cpebwvp3dipvpf4xdpdm
app.bsky.feed.like/3kaxfrxrmgl2q	bafyreibufl6j6qbxgzgo5zddxa4ocqairxqm346kvcac3jkk54xeqq2ham
app.bsky.feed.like/3kaxfryckdf2z	bafyreidgaignjfrwwiigf2csa2vx4l4zch66ckdnxvp2nvcafdfstzcciy
app.bsky.feed.like/3kaxh37tiot2a	bafyreihjkjebxrmfkxo6wlrts7h7p63upmkmasoazdnc2tkcx2d5afpom4
app.bsky.feed.like/3kaxhcncs6m2r	bafyreid4k4x6v6xoz6ssole6ewqrujbdygogqy2t2yc5o2wz6gfd4qrm2e
app.bsky.feed.like/3kaxij63wxd23	bafyreihi4idngxt7bujqy6svg4viymx6qljxejuzg75rngwyxlcjjtkw5y
app.bsky.feed.like/3kaxijvvle52l	bafyreicoiolp44wbv7qkrqjopnj44yl6kty4t776ruvi6uf76sdtvxc4nu
app.bsky.feed.like/3kazgelo4ua25	bafyreieh5k4q6uxk5sqtd46vojngcxwye7i2i4vaij2kcul2mmx3bizbji
app.bsky.feed.like/3kblbxzob6n2r	bafyreia6epf7sodwxldez5mw3jvhcswgoxdaq4zjsqnujxwkwlfwfnluwq
app.bsky.feed.like/3kbm3tkvkvv2h	bafyreihd4t7mqc635bhxe2agfmlirpsqdzkvwkwfdwv2zh5q4k3eirtuny
app.bsky.feed.like/3kc2g3wxwnl26	bafyreiccrsjz3qzku4dyqetab3kzurkbnz7lwovjzoazhikzlbtcgkpldi
app.bsky.feed.like/3kc2gdvakjk2w	bafyreifkjxysvln7heimby6n5fiy2quk3bwhlxfnfqc5rqg4ofdupnbkd4
app.bsky.feed.like/3kc4up3qhwr2d	bafyreiahe6ah3fwllberu3tk5m26kf2kjehvk6r7xqkzospzs4e2ayxnda
app.bsky.feed.like/3kc4upf4qce23	bafyreidu6mom3c3djablyv4lhuouvpqjxwyje4eu4d4jh2mfl4wfbuae74
app.bsky.feed.like/3kd5u2d6c5m2j	bafyreidgyq7mpdwer2picm5oeni7lqtzycifhyhx3zta6kczyyu6qgxgkq
app.bsky.feed.like/3kdclilgnpm25	bafyreiakl6dgl5p4pfjltlgbwodekrjgzy4ojyopygi337y5hmewkgpjkm
app.bsky.feed.like/3kdcuqu34sj2q	bafyreiaxxh4tt4nsc5jl5oj3jg7h3i4m52elvai4kkhmiglfu2sj45t3ta
app.bsky.feed.like/3kdmzqzvhkm2k	bafyreidpul3syul5ss4hmmcsot5l225rzszvynecrpm5uobt774dvgw4he
app.bsky.feed.like/3kdrbupxfa42f	bafyreidxgaccstvczjytbzk7wlz2wvqkt33pk7lisa3b3hb6dpnpg53ley
app.bsky.feed.like/3kdrovvhrca2g	bafyreihqy23zfehzkad6q56kclwswlmm6tdbelbh2r4rinolbbsfer2dim
app.bsky.feed.like/3kdzhb5yex222	bafyreib7s6iged6xrr6xjmfuuqhb5vywbpwgxkoyq7fkoirosmy3g5m6pi
app.bsky.feed.like/3ke2b7jktuk24	bafyreiaezrfuzkwkdiqcorm5aopgtfpspp5ylpcxun6ir3nfq2nrctympm
app.bsky.feed.like/3ked3tqxbc22q	bafyreigxx574dlnpp3pp2hbjtpuvinib4rcunjuo2chrztpk5o34mhqi34
app.bsky.feed.like/3kedo4mspes2a	bafyreidikoyunuanzazr6rslv6exsr5qgfz64rvkzmisaxjlcuqlrm7jia
app.bsky.feed.like/3kfgkugtgey2e	bafyreib34izgkcnmx2r6clwehjyqjbfncmp7dois4anbtxiysyhdqlsp64
app.bsky.feed.like/3kfj5k2gvzb2t	bafyreideqtvtj52cavical5bk5tvssrmp5vggv75xhxnmfys6v2oijoeta
app.bsky.feed.like/3kfqku2ipvn2d	bafyreibkf3qe2atdgmh2pqiemz5wpbzbde62garyhkapn4v3r6khcjulzm
app.bsky.feed.like/3kfqku33cno26	bafyreidvtowjjcrd3iotgspgc4333r7ulmfg3iiq537rv5n2aml3hnjxsm
app.bsky.feed.like/3kfqliosgaj27	bafyreihyigusxlszo6bpnlnpb2lwf6zvyplkzs4jkfyf7tclvajq6k2xda
app.bsky.feed.like/3kfqqiy7bc32s	bafyreifeh3zo3o5pscesww2lzwqba2gjthm7deyksjfdjybdacn42lyeaa
app.bsky.feed.like/3kghpsulrrd2i	bafyreie3x6vb5ri3gduefp5ppihd22pyganz4hqd62x3z5ggll5vz5dkl4
app.bsky.feed.like/3kghpsza2uu2j	bafyreifj6cpjd352ithmxt7aua3rv4whff5b5u6sqo73dsk7zzqbh5vu2e
app.bsky.feed.like/3kghptozjao2e	bafyreihdz3oedqdcysmnwayq7evghcy3gebfdlxe2g6zlnxhaqe4x6pr4i
app.bsky.feed.like/3kgovupomc524	bafyreib2r3n3pngs7mhh246dn7y35mpfel5mtwfbnefksu2yesjxbmwgk4
app.bsky.feed.like/3kh3qi4lpqk2m	bafyreigf7a4rvc6lu4clrt2bkd43ubqnukp5iyokcshrjsprofouxdaoky
app.bsky.feed.like/3kh3qjh4drs2m	bafyreig7ahcn3jlw7ay3vsbvtjqygw3bajpnkz46y246a2hu4hd3fahfhe
app.bsky.feed.like/3kh4id7llit2n	bafyreigt2csx3ruiupelvv637xe55rzccuyltz6nb6zz66rtjhrujej2l4
app.bsky.feed.like/3kh4idcpvic2n	bafyreibhzouzbyhsw774duhl7pwz3cngiwzvhst537gezcyignrcujruiu
app.bsky.feed.like/3kh4iddwit22n	bafyreifu74rbf3ex6ay73bkorm6a3fwu2r3qsvv2sszl54anjoenlquusm
app.bsky.feed.like/3kh4idjrvv32m	bafyreigm4k5v3z3zhejfx2rwfbpujduwyfkesftco7vz3t6tqferpjnuwu
app.bsky.feed.like/3kh5sepyn7t2i	bafyreif4jvyptnv7ovcna2hlbw3prxd3xyhgjfys3x3lawi5k3nvsup7qq
app.bsky.feed.like/3kh5seqyloo2b	bafyreieje2vodfpajf4ra3i3vnqdwvpqn4mgokkuntplp5dizkt7i6bbha
app.bsky.feed.like/3kh5seri4rd2s	bafyreidevighhrtqzfskvpy2cjbrenezfafgod5idl3skbm3h7iohwqhe4
app.bsky.feed.like/3kh5sescgl32n	bafyreifpdeihxtui6yymsizfz3xqcwgop666mda5ybhbpzeuw2bwfmumeq
app.bsky.feed.like/3kh5sevifbd2n	bafyreiarem6agy5tuuwa5j53apypfgdamwh4qu4qfkl4yvl6y3m6ign2oi
app.bsky.feed.like/3khakjp7kso2n	bafyreiaqrtdtach3uqnkvajtwmrjnjac4p6pw6xmygomqe2lwcrzralzhm
app.bsky.feed.like/3khakkfl2cw2t	bafyreic7dqkzi5t2weoc2qnlad7yas4m6z5tsqdlxq5hmisawvu3egpeh4
app.bsky.feed.like/3khakkhpgsh2o	bafyreiae5wj43rjp67pvqioun5bvf4vj3upgwmqczec62fimwcuzyjbi2q
app.bsky.feed.like/3khakl37qdl2n	bafyreidzhv4fhab3a4fd7unmfujq2kz2xoma7poxwit5sld5upreewsa3i
app.bsky.feed.like/3khaklfkhe42p	bafyreicr2x5w3fbxkdpoo5ietowssdu5p6ejkcrdzgzw6oosw5pdggx3kq
app.bsky.feed.like/3khalu2a3wm2p	bafyreigbbflafbhtosoxhghqzucwpsmvyk7isvh6u6m5nbu7iprmayppe4
app.bsky.feed.like/3kinixkdmmt2w	bafyreiau3gnpgd73lqoxgk5cqz22m6umac3ubmlpons2om2xftrku6bvmu
app.bsky.feed.like/3kinixlcunf2l	bafyreife2hwwl5warouo4qfgukav3ivvvdoging23snigbabwpgjets3bm
app.bsky.feed.like/3kinixm322s2d	bafyreigfhv7zzdcj7kgootiprkhofzn5asp6ze6v45cvx25t76yxmkbdry
app.bsky.feed.like/3kiqjfyisg226	bafyreihaidluivfm7x2dsacido6bky4uwgd3ar3xjdgzzcx4n2fq6jhvwy
app.bsky.feed.like/3kiqjgt54tc2e	bafyreigblrcfstor57pakbf3vwqfd2wb3mwqjblvaasqidxjky764hfdcu
app.bsky.feed.like/3kj4fz5r3ul2e	bafyreigb7y5unadrlv3x2ozg3lrwig2unsvdjuzmjjnc5gg6pnvkrltqre
app.bsky.feed.like/3kj4g4pdnju2t	bafyreifhkazwfc264j7y5yzfvhkc3gz4vdva3xx3t6zkkgzsuhl6mb3wpi
app.bsky.feed.like/3kj4g4tvvas22	bafyreickeuco53obdnscuaqwwxl2yy45r7wacmrxjxr3mtrokfwecowsky
app.bsky.feed.like/3kj4liijon22w	bafyreicfuft6acmdhjw4x5kh7io3mr5hihxtyupi6ningxpohzzimbbqee
app.bsky.feed.like/3kj4lpnmpfu24	bafyreiavxvcu4wxbjh52q5b677nszdmpcrikh5crsy5mn5konq2h2uf2ve
app.bsky.feed.like/3kj4m7u5n2e2m	bafyreiat7vlh7catgvoh2pg53aa2xaoldlepxuwvkiiwl2gf3zw2rc63qq
app.bsky.feed.like/3kjbtzlhayo2p	bafyreidlan3fcxzpxr6ekzbgpwkhcmflj2tou25n34nrvpynd2fu7pojhu
app.bsky.feed.like/3kjbtzlzrrj2h	bafyreiayjem5ukeki5k3oyb2e5ipy5bqbjsh4pmdacnsz35p6nfld5ipfe
app.bsky.feed.like/3kjep32sxxh2p	bafyreieeboudoqu6rhbnchn3rb47sxe62sinzfvcffnpzpigl2qivoyaqm
app.bsky.feed.like/3kjep33incw2o	bafyreiewptahfvc2joca2pvpqcddxmhtkshvanyiw6xxjbgbfwr7nzjt5q
app.bsky.feed.like/3kjep35bve32c	bafyreia3xp4bzt2n7tppsvpgv7fyuurewx3ivfhtm4gnro4mtlv55sr5ey
app.bsky.feed.like/3kjr6pfxtg22m	bafyreievpeuamgqrmqt7dghwmm7m2bj5y3e2w4omnvfdyag6x25l2i2snm
app.bsky.feed.like/3kjx3qwiq2t23	bafyreigj6zlzi7vmva7e5cq45q56cvw7ic2nwqkr5u62gfnf4rw7h5eyse
app.bsky.feed.like/3kjx3qzhyvd23	bafyreialh6wvq2uiaun4d6qyek7lg2amam4i5w56qidyzro2a45plzbdga
app.bsky.feed.like/3kk6fsqtsfj2y	bafyreia3eze6fz2m7bp4pc2hitdbzitwwqao42knjaeyofyxq2u2adeulq
app.bsky.feed.like/3kk6fst2zne23	bafyreibcszir54yzjsfjnf7p4zo6z22fdmyfrpr5i2xrbmagpmfzszwhmi
app.bsky.feed.like/3kk7vuq7w6k22	bafyreict4hauhf6ay6oc3soaymmntt2fottuhuog7jfih26dfxznzspenq
app.bsky.feed.like/3kkcf6pwjxs2w	bafyreic2vtqvcjea5dvlitmki7gcfjoqxnvx4n5pnxmkgida4mnxmluu4u
app.bsky.feed.like/3kkmpa2yaxk2u	bafyreiab4tcaz2hwabe432z6ns2ko2s5cds5qb67czbihpbblnpf7q2tyi
app.bsky.feed.like/3kkqyjdao4m2t	bafyreidkcqplhm44zvcrc7zxe6yyoayc4mpxrlgxkzs3u5qvs5t2eatbv4
app.bsky.feed.like/3kkqyndyruk2x	bafyreidkwy3dqh3iyim2fcucvttb3pbi5gln5h3wzcwy72dcyhw5qp7icy
app.bsky.feed.like/3kkrhc3cymk2v	bafyreied4dcpkusrqfvobxcd3uvbnuuppixzhwp4cry4u7epkbb3zo5tkm
app.bsky.feed.like/3kkrhhdngt32e	bafyreiamwagsx6x3vwmvy6kf65d6gulyrq5p4fxf5qildo2spggr6ctvaq
app.bsky.feed.like/3kkrhhljqzu2j	bafyreiesdnbzus2k3xh6kmoj54nlq6ctg2lsf4knshh6weq2w65savkhri
app.bsky.feed.like/3kkrhhmkdyx2i	bafyreiaklwaxmasoisv6uiy7w7ujnxrr3jws4ysqotgycejyth2czeumm4
app.bsky.feed.like/3kkrhhpniud2v	bafyreihcuryiyvkgzxwzrr2j4vxipiq7rsllhkjw3qc54pacctbjvlviya
app.bsky.feed.like/3kkrhhpwc4n2e	bafyreia6rn7trdnq7nctvuwxwb2rg2ykwuegg6kac7hguwxvzovpsiuxbq
app.bsky.feed.like/3kkrlp5kskm25	bafyreihqofqq2qzdsmrerkvwidacgabz5dlksfbk53wx3hd6e5n6r7ffy4
app.bsky.feed.like/3kkrmriglrm2u	bafyreicbiykx65upfdt6uii67ehsl7zuaqxunawbl3asrl4avrfxznjnxi
app.bsky.feed.like/3kkrmrixbx425	bafyreieubhiwmlwr3wfubqwppvcqkoixtdmqjkikltlsnps22g3ufra46y
app.bsky.feed.like/3kkrmrnjgou2j	bafyreih3shqgdn47mh5satgymjvdccdwyqutbwccha4wh2zmoqoewx6u4m
app.bsky.feed.like/3kkrpbz2knl2v	bafyreic2pduydsjhzp5we247om4gixfcztbpk36woydbxq5djwbm7btsfu
app.bsky.feed.like/3kksbxyij6m2v	bafyreidyxxwu5mmuuhjxeywm6ijaedzixftq2tmyebucjrftwxraxoqio4
app.bsky.feed.like/3kkscc6snmu27	bafyreidm3ykkchqr67fplk4txu7nlgi2m7vyo6u4jqhjvxfmvnkp6k3jci
app.bsky.feed.like/3kkuoa7xw7s2e	bafyreihap5o2k7feksqlkim3fwqtzkvpyqtudlvv6pvsirkr3vbumi6zyq
app.bsky.feed.like/3kkupksl5wt2d	bafyreifl3mm5ulcy5afhxvjugzsm35lkvet62gqkdh52hfngoo6e6bzily
app.bsky.feed.like/3kkupkttgyz24	bafyreibw2776sr772sgm22qfjxbczjbwitcvjsuqdqspcsug43jnag67ny
app.bsky.feed.like/3kkuxgrlbkk2i	bafyreigkskfnoylvwdrsv3zkoxsq3sibneqw7odlu7gnu66bw3ddzovoqy
app.bsky.feed.like/3kkuxnc4z542f	bafyreifshmndnwj6g6vek7t3hwn2stge6mwqmyjl4ssstt3t7eps7htfta
app.bsky.feed.like/3kkuxysvdis2e	bafyreihtnfygbqojzm4rnlngbtkgtfvk2r6my5dtkb5ypeiqjl2yftsowy
app.bsky.feed.like/3kkuy7rs6hy2m	bafyreihdkc45vdd2xwarb5vpyst6a3n54wkvzhnpizdy3hd3pqcnwubsji
app.bsky.feed.like/3kkuy7ufgjc2x	bafyreidlikhmqa6i5fpb2xyoffiswvgtjy27qymj5sgq5ukzmmw3vgskru
app.bsky.feed.like/3kkuyi5gca22k	bafyreihgifgt5peoulfi5tul6c6p7crpgpuj7asxnu6pvt7f5drmiqfg7q
app.bsky.feed.like/3kkv3f4f5in2i	bafyreiavbunuul3zxh2vb4a63yivvxuwnibi4kqzr6aspv3tgojgcar3zq
app.bsky.feed.like/3kkwclsmcxm2c	bafyreifdudtkk7siwhgnxqfbbabn7ifdraqco6z2sqdfdw37qszzuct2b4
app.bsky.feed.like/3kkwi4bidxx2i	bafyreihtnbyumgt3ssfnicsluyeswghpd5izl74mmdvkpmuzkjchl6nhay
app.bsky.feed.like/3kkwrnc2kgl2f	bafyreids45bo2nn5evppyvbslbr22gsxrcjw5rwlnnmnmgbn4yddgjeeae
app.bsky.feed.like/3kkza7fyrbf26	bafyreif7jbbxq5dqgreov3towiap6t2zmum5w7ap3h4qniidgkpfcn6kuu
app.bsky.feed.like/3kkza7im7kj2x	bafyreic3x3vfz7bufx76wb5fqvfzb6gzt2k6dux7qvntuec2ocyjgg2t6q
app.bsky.feed.like/3klkmfn5bzt2y	bafyreicuqdsynrdlejil2e32eiqlcpeovdznray5yysfdjmmomjqlb3zvy
app.bsky.feed.like/3klkmghxotq2k	bafyreib3dzgvvf3p7vc3odbntpm7gakgvopvyle352xdhan7nfrmvslqze
app.bsky.feed.like/3kmdwalsgnn2e	bafyreifeyz6nnrg36r4ml27lrzhy66vgy7bxgwhybzo2cw253bws3deyva
app.bsky.feed.like/3kmdwawjrxc2u	bafyreia3aug4ckdaqeobaepr5nhjdagu6u4vr2ap2fgmo77xoy3dovck5u
app.bsky.feed.like/3kmdwb5h4xc2p	bafyreihh2f2rvj3gcti6sho43ws2pbeojos6ef3mqhkcbpebsr6kla5eyi
app.bsky.feed.like/3kn2okpq5v22n	bafyreidv3tuptrz7yq6iytkejvrqvrwlv2agmmrezvbe34mduzaobwfivi
app.bsky.feed.like/3kn2tnlqnfk2p	bafyreiccpz2l6bbw34p5qvfdoy3g4jmugyanon2wcs2o5eokg3tj24gfry
app.bsky.feed.like/3kn5iia7rsk2a	bafyreiguzwcnrhwayjybvd3yar3xv6yeyry3aof3xukplrx6xdrkkfh6q4
app.bsky.feed.like/3knaf3727nc2a	bafyreia2dbpyeyfdwh7hsvp765rzktub3akafo2vpucs6jjfq2ojvrtofy
app.bsky.feed.like/3kngsc5p3t42b	bafyreiews7vhmm27ufl55jb7y2fymiid46bo57jaqog2g7cf3n4muzbl4m
app.bsky.feed.like/3knhd76rfr42b	bafyreiavpmrabupz4gqdzcpslyzwcduvglwzhq3x6ssb5f7k2eiedfiwqm
app.bsky.feed.like/3knhd77qhvn2g	bafyreiapetcp5pzhwjdmv2svazwbkemnr7xm3k7bjj2ieegf4plrx2bhue
app.bsky.feed.like/3knhda6wr7h2h	bafyreigpgnmprl3ikmnva237ohok2jv3vx2gmxn6py7md4oqurarr4jpce
app.bsky.feed.like/3knjlht5yrk2t	bafyreihs5t3nmb75ehklxg55jrqjki6lqyjmgqgmyrmma4yetb7lgy72sa
app.bsky.feed.like/3knrbvhhfpk26	bafyreihkbps7y3dc7uc6lyewh6gtv2nfsgzag2oiymdzqdcbw7fjyjy57q
app.bsky.feed.like/3knrjjui77k2k	bafyreieuxtqyabsa6hnconlmh3npoiruksh3bpiy5f4covoc5g4o2mdczi
app.bsky.feed.like/3knrjl3rpgs2o	bafyreihfyy7yk7bnlb73qca7f3rvdbjjuxdz34twbwjwcdtknwt5j2fgzq
app.bsky.feed.like/3ko5d33ytgn2t	bafyreics5q2fwxtsktyk3xnxbbtm7wewvoz537oxu2t2zlzhjsl57pz3w4
app.bsky.feed.like/3kpal2z2jbo26	bafyreiburzhrurukn3dfxt54u7hmjedyfy64dlo37japk3mfcyzc5ps62i
app.bsky.feed.like/3kpppqgm2w72o	bafyreibckqcfkhllvxt6lo6qadjgm6mfb5ugloe5ma3kuynvv24gbhhjau
app.bsky.feed.like/3kpxaxm6dmz2z	bafyreibtd32pkbotngimcwtugqdlmjojhadnlltnr7o4fch3u77en6xu2q
app.bsky.feed.like/3kpxb7cohlq2p	bafyreibc3qhzkwyvptzmg2hzbzx3lqv5p7lym3r4fuftjowqcot437kqwy
app.bsky.feed.like/3kqgw36dvak27	bafyreiajuff4ugu7qw63kwjhaxzntatmn7h5vnqkunyjvsd37dpxnn4nga
app.bsky.feed.like/3kqiu5bktac2a	bafyreiahowsm3neqjvz725vxobky4xxhgz32g5ktfbrgkvzpw7k6nv7ikm
app.bsky.feed.like/3kqjr6mnqdk26	bafyreiap3fu5k5lddry24asjnjyw5tevpxpoyo6rasisd3l4gm2ee5nklq
app.bsky.feed.like/3kqjr7bnw422r	bafyreid23yvdvbgm7pggj2pkcegvdnq7f3q7u65a2an4ljcbrqxaffcegy
app.bsky.feed.like/3kqlrvasmt22y	bafyreidksvjnnbbb3izokal4injdyulukhlz4kt4htg4c7mfmgxnnctu6m
app.bsky.feed.like/3kqsuudgbxc2m	bafyreiaiu3e5nxbc23xmxgfn6x6olphskioovklbcu6ypgnkd5kbxnj4u4
app.bsky.feed.like/3kqsw7jyrvn2n	bafyreigsekwzglzotbaspb2x7pajuwbab3m5cldauqeoftiu5yxnlfvpoa
app.bsky.feed.like/3kqvjmeztxg2k	bafyreiba6fdjehap4if2bi7ya7bfkg7ionlfbrlr2nutyxnyqdoey6dgpi
app.bsky.feed.like/3kqvkvaakse26	bafyreiewixmw7d7ohipyefpsrfklggaaqbzyymitzeh4vtzcxuujivj52y
app.bsky.feed.like/3kqvl77ybys2r	bafyreiez5ercodyy25ornpb4tjela47k2kmiumajvcdgjlfvonfgat4u4i
app.bsky.feed.like/3kqvp7rqxxu2l	bafyreib64bw3bqt4e7cwer5e47y2z4rgyh7tb3uzwzebzpjp4x6xt64iwe
app.bsky.feed.like/3kqvp7yoit72o	bafyreigcu2y4s6k4ob2nlowsqbvdhdvds6uyejy7hhgz4jooz5uyzxteny
app.bsky.feed.like/3kqvz7q7nmq2o	bafyreieueblvwkejwyz7nqqb53isard47my3neusn7uopflf4evs7afmd4
app.bsky.feed.like/3kqvza34bol2t	bafyreiesmnhdfckkdequzbdqgqp22k5dawqb5c3sdvyfgwtv4vllcsjhga
app.bsky.feed.like/3kr2i4rbkuq2n	bafyreigi4jkrvht2sop3o2oelbi2lo7tzuhyd6fppi3e3uco7ezcdhecd4
app.bsky.feed.like/3kreo2vg4bl2v	bafyreibiyscwoc45decdrplkpgt6mknlkajlcz2wc5lk2beildhtneggze
app.bsky.feed.like/3ksmpzujemp2g	bafyreihzcghe47zf7i6sbbvtanhd5t2zde2uee3wjzgjzp6zzxrzcr2zrq
app.bsky.feed.like/3ksmpzwhofo2h	bafyreigyygftrjl65bmwtgbbk5vqrcatybzgsryamznfjivnowuu4agxoy
app.bsky.feed.like/3ksmpzx2vvv2y	bafyreigda3v2ebvsaaqyqghg2wcoyn3bacbvujj77zagy4dbjn4frqufyu
app.bsky.feed.like/3kt4e5mu6wv24	bafyreihyjmp4rlfnh5ryc4cpnyefc5urwbw4qeh2zeyzq4ouvc73naynka
app.bsky.feed.like/3kt4e5nf4ek2p	bafyreic447gloyxdtmrimaz2gyryffti54vqxi75pxxuupewkgklm2r3by
app.bsky.feed.like/3kt4ea6dku72x	bafyreiasae6fjaentndnjhmwp3vyh4yzyfwkwyhakjsvoce5u5xvgut724
app.bsky.feed.like/3kt4eai34ms2p	bafyreids5i57kvm36gg3hpmqrriirvukgtamgp4ezh6ovqcutubi7cpku4
app.bsky.feed.like/3kt4eaysdff23	bafyreicrwfqxn2agebe3vuhvw2gptpvjvjddr3ofzls2qnnz7ozicpdp6m
app.bsky.feed.like/3kt4eb6dbgl24	bafyreie4v3asxuww2wkzi2apqowvutmbbc7d26mzm2q2fsgjk7qi572z5u
app.bsky.feed.like/3kt6dcik7uk2p	bafyreicnc5ezz7k75lijdmhgpiwnzvn3o44n5vaappaoz7issmp7j5cpie
app.bsky.feed.like/3kt6dcm2vdk2u	bafyreiba743x4nt3qqkvhxkruzctqve5wos6rvobthy6fnjmvcb5ihp2jq
app.bsky.feed.like/3kt6dctbo4224	bafyreifl3lu2sdvfssbcsmdur3urqmq4qzkv4rb6g3ypariltc3wo5dez4
app.bsky.feed.like/3kt6dcttr7c24	bafyreigh44b6gz4a3k2gxixzltfzna3qa4cibrhbjc7fn3776vdjwqnrdq
app.bsky.feed.like/3ktaulvs7mc2g	bafyreicl755uz27wiw4mptbxsxj6va4pfk4uurm5thrhtaxzn55frbjdrq
app.bsky.feed.like/3ktaulztvys2i	bafyreid67a4wvejeowu67q62jshuft2a57dsxjuopqkzbyp2rcbuomuetm
app.bsky.feed.like/3kutlrs2fok2h	bafyreihr3tbdg52psz37wwxhjlpkqjng2eittqlygh6i2vmcfh62szctre
app.bsky.feed.like/3kutls3zepk2h	bafyreifaxz2i74z7tzzvifar5vavzselibed6pq4r4tz4nkho356ys4nzq
app.bsky.feed.like/3kvestpbe6s2x	bafyreiadl32vp3vqqgj5booorozwc4c6g2c22ql7mk5urdgpqhtvvsgbtq
app.bsky.feed.like/3kvesuuk27c2g	bafyreid6lzg5uo3cv7mbq3yrtjkqbghbx77p3n3rakae4soll5vmn6yq2m
app.bsky.feed.like/3kvesvaoexc2m	bafyreiehsvssj524cxz6jptnbgjjjhi4cfjgsm4ok4ju6n3nndexnooyja
app.bsky.feed.like/3kveswcsyyh22	bafyreihpbszynqufpm74cl4b2kizwzopbb4bihqy2sddk6sneeb4mwzoga
app.bsky.feed.like/3kvf5ohskok2a	bafyreiaqwfvvxojazrzvwih2xx2wdmrbcrw4gxxcv4od2crzkd6u6eiaie
app.bsky.feed.like/3kvhdh3jczt2a	bafyreigw5bfyocpmtb5kuwjmleiiiqf6hwu5xqufoyl3h57jr2kzjsdpku
app.bsky.feed.like/3kxxpfls6rs2s	bafyreiacuvitaeku7xuyd5fxrbb7bwlkdby5izmbt3lcgqwb32sbufspqi
app.bsky.feed.like/3kz5fkory5x2c	bafyreibtvxuv5xzqygav3rbfrcoewe6qpndrh3lvvmhp4qhsl5qjek2a6m
app.bsky.feed.like/3kzcv3liofc2y	bafyreih27jtgizvjcmhtja5ivnbptuqibaxd4jwojhlq3ryfujucb2jq2e
app.bsky.feed.like/3kzcv7vcrgs2a	bafyreifbvhfq53jf2rjgil5jeiz3tuiekxnzzv4albhfd6z2xvzg5zfoa4
app.bsky.feed.like/3kzcvapwbjn2d	bafyreievmw6q3zi4fu3y7tn5rlglda2dvlachu2vfcwcov2uykq24tzlmy
app.bsky.feed.like/3kzcvatiir22x	bafyreibr7qhpv4njn6vumxsekdzhudk4iu27hc3ogb3qm4zvoqln5u6pqq
app.bsky.feed.like/3kzcvcry24c2m	bafyreiccm673sky7rqk3cpuauufuw3savua5n56zhd4wsmzxr67ogk3knu
app.bsky.feed.like/3kzcvct46ec2n	bafyreibnsqldcilruvhrwf5ghlpyeyzp3bgnwynxvohdvhzz76uletu4n4
app.bsky.feed.like/3kzcx6fyev52d	bafyreidxgsqtxj6cjusepa3ljzj5vyt3l7z5gh5pbyl2nyyr4txmstid6u
app.bsky.feed.like/3kzcz4km6kc2x	bafyreidlk5gjrad2inc2uftwmasnzseado6cwqoylfb57owr6zsw4nugym
app.bsky.feed.like/3kzkf24c7yz24	bafyreieojumdsze2rejxjvqch7jb6mihb7axypmldgsbqa37b62mvy5c3m
app.bsky.feed.like/3l3efe5wg3c2e	bafyreihthhuohtdasoqhdfxornecg6ndgy66vm5qkpcnitcdkyhupsxp6q
app.bsky.feed.like/3l4bvstt45v2h	bafyreihi3etc3api7xwiyhswfw4cecdr5p6joq5viwtffkxmbwkbzlc57a
app.bsky.feed.like/3l4wlfkxd3b2e	bafyreiere3m7wvp3ia2uiomrdvhaaru4shptgylkgn5jcvund3scffyf6a
app.bsky.feed.like/3l4z5lzuitn22	bafyreic4iyavd4bg2lysex6dze6ocr6eu7rlh6zc46fbfiib5mwdtym7ea
app.bsky.feed.like/3l5pobbn2qf2v	bafyreic2tl7fcyeitmbxy6g6eyappynjlqxzr3ifnykkfpbwyybyngj6na
app.bsky.feed.like/3l5pobi5jes2x	bafyreidsdfikacbdy2pjwva46hyjzsc4yebrmdmnb4d4v6ngk6h7lnjeam
app.bsky.feed.like/3l5zg57szyt2z	bafyreiac3hpyex7argzc3klnjqsimhjphcqptjs3mlofcw5vt4bfr7lsly
app.bsky.feed.like/3l5ztzuyhdq2s	bafyreiaghwmur33zfrjzzt5rnnygf53uao5gg277izowklsymxf2fu26t4
app.bsky.feed.like/3l5ztzvt3rn2e	bafyreihz2msjl3ctnodtoq4baj5a2okjet2us66a5zqkux5np377o2cogu
app.bsky.feed.like/3l67gxoejy32s	bafyreifkbub5lzrbqabe45ygssyijxkkddgmz36fttqf6h2aa7giwrp2fa
app.bsky.feed.like/3l6o2t2pq6z2p	bafyreifgkbs4jrlylpfjiz3jbg65jwb5dk5uuvoabsioz77f6okzeklinm
app.bsky.feed.like/3l7o7tg4uvp2t	bafyreidyt4psfpdrg6bssm7mvuqml7hkt4d7mujbvbjiniipuswn4efcc4
app.bsky.feed.like/3l7o7vu3ky72t	bafyreiazrwljqcuzc7wuhlariwjm6kl6l36lgh2ymq56hy6q66oj26w7ha
app.bsky.feed.like/3lb6cz62or22q	bafyreib5hdy4xpk5rb2nflboowzvce6rnsr7qr2mzefbszt26orwxymiku
app.bsky.feed.like/3lbs7sekj6m2n	bafyreifbht2g7i4flcaphaegpfmmrsr7zerlpnzxzz7upcainlouffxs7a
app.bsky.feed.like/3lbs7ugyext2c	bafyreieclv35ncvj5hrl26zqrfwt6pbu3i7upuw5dq34bcx7fu7l2oankm
app.bsky.feed.like/3lbssxfbjut22	bafyreihwkdxwbv522ndgmtyynzu2oktqa6si2zhhh36niqs2x7r3a4msem
app.bsky.feed.like/3lcyzxks2pd2n	bafyreigdopbltmio3c6dyvr4jq3o7gw73nndwbpq4lhm3hgku5wy5jeym4
app.bsky.feed.like/3lcyzykmjge2v	bafyreicwqmns2oinfxe6xburrwv22evbgc7x6da2sa2qbyrzunh5wglauu
app.bsky.feed.like/3lcyzzuyso62l	bafyreicj5yl5mjnnbefrg6m5e2xvwlxajhub2uaqe6ddemhtp7i4ctlwuq
app.bsky.feed.like/3lcyzzzlwtd2c	bafyreifu2krpn7nbmjnt4fhtlzsq2ul2l6k7u25tom532xedolhgwpiema
app.bsky.feed.like/3ld5czcasul2x	bafyreifbdbvixv64dcul3273pywwxah3rqaorb3xwgepucxicjkrq2xht4
app.bsky.feed.like/3lh3aaoqrcn2o	bafyreibrlk5v4ndijtmv4xmswg6ns5jln7sp4zhtpdg34ys7jddehflrdq
app.bsky.feed.like/3lhc5h35eox2k	bafyreiba7xtmfamshezhccn4kg5gy3yota5nhfdobvqkenldaxtvhghncm
app.bsky.feed.like/3li3bcjdr432a	bafyreihtqz4qukliegrt7mcbpbqs2movuyj3oijhfjep2t3hc7aczsqwam
app.bsky.feed.like/3lifrj2lu5c2i	bafyreihmd54nrh5ija53omqthslu42omw5ecryx5vz75pirgu6bmk5aqo4
app.bsky.feed.like/3lifrv4frni2c	bafyreibrzgbclidjbvs6lcokqdm7w6bgk5qrhjwlccps6nuqtyssiaynai
app.bsky.feed.like/3lifrwiwqwp2g	bafyreiearhoffuongt5fpjoxewjswjv4qiymena6dk2esrrvd3eefhq73e
app.bsky.feed.like/3lifxbzefbx2a	bafyreidfxgntsoh5ro3uzy5v3t3dxp5pvi3imhqakfkm6i7rywh4vqupaq
app.bsky.feed.like/3lin3smvwnl2a	bafyreiaskitoaoietq7zz7hkhre5uh2m4xbishi6w6a37qugqp76relp64
app.bsky.feed.like/3lk2b5irpvw2d	bafyreieitdhjx5vs4erntghhow4qb53ddrc4hxn2f47ixlhmun2tffxmbe
app.bsky.feed.like/3lktc2bi7ch2a	bafyreiabvffk42pbq42ttwmuj67dcudhtbvl2djariczvquj24ozjtcopm
app.bsky.feed.like/3ll7p5kcvlx2k	bafyreihgx6xgmuk4mqceeejbdvhwrhzj4g6h7ip6rtodwjectmoqdhcc6u
app.bsky.feed.like/3llz5e4ekni2l	bafyreialpmn6zazllu4vtz6aommofkldxykev4jr2zrzdpmt7jmuzt3iii
app.bsky.feed.like/3llz5e5rilj2d	bafyreidh7okjjlpqhwi4km7hyrvypciko4ixxil2mvyjao2o5k6k2dgfxa
app.bsky.feed.like/3llz5e6z2qq2l	bafyreidhkumkahzxff6gpfce5hemxntboxddcuk6c4hosz3qvd7h2j7aje
app.bsky.feed.like/3lv2eyrojil2h	bafyreiaambe5r7olpfi72rxpgxqbswr5q2rp7uiltgmxtrd6ovsplrze2e
app.bsky.feed.like/3lz6knfdr3r2n	bafyreiafpwpcxa4ev5hbiek5dkr3t7df47gg6y6yzhgpix5zenh2bvgl2a
app.bsky.feed.like/3lz6ocqqiwp2h	bafyreibz2eicjqrsiriplsrm2zr3fdiylzcc2ed42hixm4agbj7mo5zz3q
app.bsky.feed.like/3lz6ocrwxvc2t	bafyreidyosuppx7sfshkx6ojfzud4rrvrixlxz33yr4nrl5fx22f436qou
app.bsky.feed.like/3lzr4e2upen2o	bafyreieadlennz4m6gwu2ilieoadca4nqtxachtkw3qd7x43z5wr763qhu
app.bsky.feed.like/3m3nsvgsp5d2p	bafyreigad2naeooek6dtj7imtpzv7xzggc3d4oqgvut4x7thau22eofkzm
app.bsky.feed.like/3m5fcezfa3w2g	bafyreic4fltgju4orxgxx7usohcbjjdfs4u4wi34e36r4c77uzecubssmy
app.bsky.feed.like/3mcztvcqtw42m	bafyreibhluhhafljt37kpfxdh2rniquci5og4qic3g5wnimh64sq2h3pdm
app.bsky.feed.like/3mf5pipetv52z	bafyreihqfcuod5fz5quopk5qajq7whehth7336whivemrvxbvkfstslunm
app.bsky.feed.like/3mhyhgxyiay25	bafyreicmf7ygxnoy4ezrji25zama52wqet2bvgpcug2i5go2q5nkxmd3ua
app.bsky.feed.like/3mmcjpuog5f2s	bafyreihypnnogbr2ppwdslqp7y3iratucimxkitmaprglwt4pecoofhdpq
app.bsky.feed.like/3mmcjqkraoq2m	bafyreie72qdvndaw3nvkrdbq5va3ncuphuijaehhx5n4zs5vdivdemyu3u
app.bsky.feed.like/3mmcjqnsnuq2m	bafyreidbabqyuoujuwmousepsg7erprmwnz7q5t4atjx5636523dfhgln4
app.bsky.feed.post/3juc4thkx452i	bafyreic5qaqrzgl57vg63acuhha7mnt7bmnjrai6qek3yw7smokv4dviaa
app.bsky.feed.post/3jucbcvhfrk24	bafyreiau757ies6kojofdz5ibazrznj7ulprwqohg43eqlfxvlfu3xwyc4
app.bsky.feed.post/3jucbdrk7iy2k	bafyreihlhd5i6ngdqxyfvg7np4wunbij6p47iueivj3k5ozqn25cklabte
app.bsky.feed.post/3jucqrhfqbs27	bafyreidxhhednuafdlfhpculzqt4vugl3ldy2odw37hsm5umoyclii7yqu
app.bsky.feed.post/3judag2d6cv2m	bafyreiaufbuzvknm5rjhw64kdlzjaclhs4c5wginmbvr6zrldd7whw7hly
app.bsky.feed.post/3judahed55y2u	bafyreifze35yy3p3qlfknkofmtv5ion5a26fcboecffi72prft5qc5buky
app.bsky.feed.post/3judfjdnfts2c	bafyreihyelosyhbvxefzagrfbu433fv5aqc2k5xq3n4uvu2cig3qya6kre
app.bsky.feed.post/3judfnzd4er25	bafyreif4e2tsvbjadt3jayr4v7w5l7a4n2wbfw2o2jun3ukncm4nv75eoy
app.bsky.feed.post/3juekfbescl2m	bafyreibxg6ts7k2jzmabshugwz4n3vclkj2ro43uh3b2c67md6hay43gkm
app.bsky.feed.post/3juft56hdjg2o	bafyreigyrx67sfcnkwagh4rf6cofqjlktaqns4an7k2rvfhmyvaslcifhq
app.bsky.feed.post/3juhwtghuhm2f	bafyreihzk76zcvsky72blfyhkfbdgatvc7k4464aazfmrvaa2a4uumwf5i
app.bsky.feed.post/3jukbkoivoc24	bafyreiacz3xil4uj4747d3tjohk6a6dclefobqmhmeplt36lq5zk672nji
app.bsky.feed.post/3jukbzp3lju2e	bafyreidwfbd5xx4fkqkm4dfwylagx72ilyqpimimc4mdy6xph65xtlcomm
app.bsky.feed.post/3jutngn7dch2b	bafyreieltjx4rggc7rasyrher4k4l5x3d3ocfcqtbgqb2hbkodgz3gwdzi
app.bsky.feed.post/3jvhslg5jo42h	bafyreifyzax7nezhewh7kmh3wifuvcx4ygkgabf2q3xublq6il26zqcspu
app.bsky.feed.post/3jvhsn2dikc2z	bafyreigt67adhx6y3ykf5vthgwvl4kulmhjf67qcq7we7ngbnqhh477eki
app.bsky.feed.post/3jvhsxrk5vw2n	bafyreibp6t5a7zw5shyuzcsnk4lmhea5xxka6i7cn4p367gk5bizegng3u
app.bsky.feed.post/3jvuiunimj62i	bafyreibyb2rscvhb4tgbgxucroggnhqcpx23ctwwxiqtv3vvokelqxr5ja
app.bsky.feed.post/3jvuivmktww2i	bafyreihoozvyj6wsf73ij33n4jgv2oxxc3grvlfqzqkq6aulue5dibe3s4
app.bsky.feed.post/3jw3so7hi7s2y	bafyreigclfjr2n2rneudcpbtsehqefbtly6ewtadouoimtwy3q4nfdgkh4
app.bsky.feed.post/3jw3vldm46s2o	bafyreif4pwxy472qrjqr5rr5ijoisyso3yvmj6b5d4faxrqrfxopr375ma
app.bsky.feed.post/3jwntqmm6sk2d	bafyreicr3hyonr6j6pgu4esewctxt2rgdguhlzz2c75y7jsmi233s2fc2q
app.bsky.feed.post/3jwntrbiy6c2h	bafyreiaddr4x5atw7mwhaopqrqcygoo5potdhgzcdg6kzjnmthej3lvk54
app.bsky.feed.post/3jxoe4ccopt2s	bafyreihvrhvr6vyjzfxnhgglstwesutbnfep6jiwxvgsbkmexw5r4fy2oi
app.bsky.feed.post/3jxoe4x2tnk2l	bafyreia66fsgwmxs247zoinfc7p6myoiho4ddzk3f3bv3wygcxujz2hzba
app.bsky.feed.post/3jxyufm4qtr2w	bafyreidryioqzqbsidvmvzo3x6zx7qecygh2ta5k6n5s5n754u5ypolxg4
app.bsky.feed.post/3jymkhy374o25	bafyreibk2nf6mci6mvd34ysdur4csqvbfytu2k2m6g4rjm7vppg3wrs5e4
app.bsky.feed.post/3jymkiemyjr2x	bafyreicoigky3wmspq37ozl7365gx776u7rkft6obejsb2hhcgpv6ixgq4
app.bsky.feed.post/3jymkj54cx625	bafyreiepmovxk2bjx5kpakryrlfbwemrnrxfi2kca6z2wd2d6xfisfvgqa
app.bsky.feed.post/3jymkjkfjfc2y	bafyreibx7ffq5a43dcxbfnppbh4k4twjweo3ymgi566jl7c3hzkuqpwjji
app.bsky.feed.post/3jymkjrrwsr2x	bafyreiax3zafuwor5xwj3tvctlrhpfsa5sbi44as4w6skk3hs6ronxioyy
app.bsky.feed.post/3jz3neseydd2x	bafyreibzivolxxrtgdqivb5g3ecc4lqsh3wjxhb3dnarhgeqkpcc4qogca
app.bsky.feed.post/3jzb2ochlpn2u	bafyreicqvfqe6an2xx35lvclednj7nylwuisedq6maplarnvkrrr4egv5y
app.bsky.feed.post/3jzb2sypysu26	bafyreichqofehv7ko2p6zhznvp5rq6otyri4vvbepaj2njcro2f3ozve5y
app.bsky.feed.post/3jzneu4yvlu2g	bafyreiauferbh6h4pbi4akydjd3m6awbtszhv2dnqddbeneqnzh3k36gem
app.bsky.feed.post/3jzneuoclej2m	bafyreifq55pt5sjv7w6u53mqpwsndtps2w4yl6bgzmkc2oczhzy5pvm23q
app.bsky.feed.post/3jznev4vhs52j	bafyreicljuoofqsaqz76bokcgbqj6tjki6rdnq3ajb6llyze57e4ctrwme
app.bsky.feed.post/3k3yxcopgpo24	bafyreias4l4y37vbyfjmjamikm4u6ui5s7hnm7jeisvm4s7okkwjq3djfu
app.bsky.feed.post/3k437uk2jbg2t	bafyreigffa2e6rvllkjvs2gpwf7jisqkoylgjyogpx3wbplibcbej7bxo4
app.bsky.feed.post/3k4himwide52x	bafyreib4443glx5yjkabrso5mcmsybo77ovy22qzaihnbix6a3ibastphy
app.bsky.feed.post/3k4hiowtsoc2v	bafyreih56pcb5lzamzw4w4tcgre5rfd7gnsdpzuocvqpl5yvplbrynk664
app.bsky.feed.post/3k4k4cbckdq25	bafyreiaxsa6egmb6i4js4aknhtfowebmtpc6moffs3yf6yh5ruconatjt4
app.bsky.feed.post/3k4k4cyyluh23	bafyreidjhd3zp4yik5g27wkbz6qyf6pyvbr4h62j7s47jsf2vryp6oqioi
app.bsky.feed.post/3k4nde6x57z2v	bafyreifjszzvxghj4h4rxgk5otp6cga5meeazifrokbt5mjtdehcv3kw2q
app.bsky.feed.post/3k4p3ws2sqr2u	bafyreifiglexhawqdhujn6i3j5g6odkp3hgm5r2tgkqly7dl742b5qgcya
app.bsky.feed.post/3k53mbdg4gi2g	bafyreidtshihstoj3omj5q63jv44qpecgkdkos77de67h3qp36pyyv3mom
app.bsky.feed.post/3k5447pxwov2b	bafyreihphi374d273pgkssi4gxg3ucwxywrpxq2df4lrwkvicraebblvi4
app.bsky.feed.post/3k5b7zcel2427	bafyreian43rwkfejqsd52s3ksrpbbqnbher3ygj4nbyjkpdaydtn7klbhm
app.bsky.feed.post/3k5b7zzbpzc27	bafyreiblyhbzm3bkm2dt6ugjhzdprlfedaubiygk6mcfr3wdqofcg4673y
app.bsky.feed.post/3k5ibkoj3im23	bafyreibyks4a4yazpeo6igjb6d5w4vpsr3g2umlzgpmoul4osu3lp3md5m
app.bsky.feed.post/3k5ivi6or4d2r	bafyreif5o3iaxcfef62igvwk4dwkakb7cjtjfmjrgcgn7h5x7k4gcvojee
app.bsky.feed.post/3k5ivj5a2kd2q	bafyreih5wdt5ouegww4uc6nhcdg3hvlax4lir4tbseueyyzbbootif4y2y
app.bsky.feed.post/3k5ivswftst2c	bafyreidau26wms5ycnlaoqkoxq6pxahruobugnp7ubsncqmonfzkzlqcsi
app.bsky.feed.post/3k5iw55zu3t2c	bafyreie6cq2mxlkb442vsqaehpsjmnhdbg4yko2rsscy5urv42dsc3jqqi
app.bsky.feed.post/3k5pttomzox22	bafyreig74ojmn4fjlc66ksgxl2d5jsalutdynpsknzc2ucmcjfeldmlwde
app.bsky.feed.post/3k5ptv54p7h23	bafyreieew5uebfwkw3ehwjhzyqnfxvjnh36kovofp7xubyvxlzlvwxnh3m
app.bsky.feed.post/3k5ptvpvbwj22	bafyreieibxxke44xlggync56abpsd3qh32vvgs34oimuhyoryafibjmpx4
app.bsky.feed.post/3k6tdnijjp524	bafyreicfqr5y5cit7xkgsn65frv7raflltrrro2j4urik6r4bupxoq4jda
app.bsky.feed.post/3k7gyc7zcqg2h	bafyreigy7iw6r5eg6d5umdm7ligoyffljc6pltm32hhkzkrrr4qhcgiete
app.bsky.feed.post/3k7gydjzfia22	bafyreihpjpturly6n4lrtfj5dvns5c3vgg7th3fzbrivbcnnnbbxtojxf4
app.bsky.feed.post/3k7gyf65sbh2y	bafyreiacvp7n3z6dhnpfievqtrfgmbkuka5hshoo2r36pav3xwffevwz24
app.bsky.feed.post/3k7wanwios52h	bafyreig6vpa47stria4jk5lmadurkfib4bfsdat6d4n7by26riyhvvmmcy
app.bsky.feed.post/3kaultsqdgw2q	bafyreigajfasubk726gygpne6mswtdvxgzy4twk3qc4yr4hbcqhqgr3zpy
app.bsky.feed.post/3kaxikfi4hp2r	bafyreibq47pjxum3axgzv5posciuj2hk5yafko4vtbx6zxbaszl2du263q
app.bsky.feed.post/3kb4cbhzw742d	bafyreiedct7s34kqdugycvv3juaujiz4tjwfpitxsqhbma7r6hqg2wigfq
app.bsky.feed.post/3kb4ccsn2nq25	bafyreifovukaaagkr2n5bj4oqsqwswhd6ulqdfqfi7zdczgjiab2l3u5oa
app.bsky.feed.post/3kb4ce57t6d2h	bafyreibwh5d74t4xsuxjhg3sy4f2mlybcwtra53wfzst7foejhdv5c73zi
app.bsky.feed.post/3kbdraubs7l2f	bafyreifzavcz43kc753s2hjwstzangmx7cce3cjpiaesdnt6ssxyxwm5ny
app.bsky.feed.post/3kbg3t7ypo52j	bafyreiduoaidw46xhv4kyffxizusembgrtuyse7yloenkjwk2ylc3jatyy
app.bsky.feed.post/3kbg4ksc3in2n	bafyreifitblocnnwzlhmcftromkauc3lprs37gvyjaewbfbp3d6hahybo4
app.bsky.feed.post/3kbj5haaqar2r	bafyreigviq2nvak7ebhh7tyoi527k6d5li4ck7txxawckayf4wq47jg2y4
app.bsky.feed.post/3kbj5ighpaw27	bafyreigofn3o6fib6bmwlxlmj7kqudusrso4ghiy3oymx3jpv5ifr7prim
app.bsky.feed.post/3kbj5lqxjs42w	bafyreigc2hx7giirtsrotyeadf2tvmshonfcnwqtl7toom5te6rfcdgvgq
app.bsky.feed.post/3kblbjgnevy25	bafyreihrrsdswqqco2mn3bhm3d7wdtioaqz7gr3tj7ms6cvakz2obv3qha
app.bsky.feed.post/3kd5uzahw5t2u	bafyreiak2l4jmurdrhgaioo6owhbttgoyapxpg45afl4cgnlx2rhv4v2eq
app.bsky.feed.post/3kdk7yc3pbz22	bafyreibs3iuez2urcyfwmwcceg5gilnvfz3svah7q4m5zd7rpiueodl5ra
app.bsky.feed.post/3kdow6fj6la2l	bafyreiai3kukjoxw5s5amfq24eirqbv5zofsfmfw5zon7z5yfmbu57y3ge
app.bsky.feed.post/3kdrlslade72m	bafyreiefdhpdngbr3rbagqik6lubuwmc7ttripb3ugttvvd26zcnkmwaxa
app.bsky.feed.post/3kdrlsxkryo2f	bafyreihac22tpufnn3rngrhgpixha7ffbbl27z4fny7owjejtjeqp37zxa
app.bsky.feed.post/3kfdp7rlxtg27	bafyreidt2xwgu66lrwoob2zlz6uuppjbv2rl7y5wh7c2akrvj32epuvxw4
app.bsky.feed.post/3kfdph62zey2f	bafyreidm5mpgmcnsyjmfnbpmi3m3n4673pp72ol2j4c5q7f6vobqwhqhx4
app.bsky.feed.post/3kfqkkjdkic2e	bafyreibiimdwmsp5mqpm7utqcdmvo6fdqmofblp5obs3h7ub6652zyooci
app.bsky.feed.post/3kfqklhpalh2c	bafyreifaidyl62p4snkdwsygviemsxyidi3cd7dxvjomh5644sovxhsppa
app.bsky.feed.post/3kfqkmk5kpv2o	bafyreieyg5pi2anhktagcnlv5cuwcbumwpx2fko624pkk6fqskmhsq426a
app.bsky.feed.post/3kftlbujmfk24	bafyreiheaai2dcnd676fwxbpoozzu7rzin4gwswls2bob6noi24t5okxcq
app.bsky.feed.post/3kftldxbvq22p	bafyreih22okgdungwln2lwqt2kd4dd2ynzx3fyy3yefh5koocpizlngqfq
app.bsky.feed.post/3khmzasoawa2i	bafyreie4ffsim643uzamsygtpg3nfezzaqvsfndnph6gebmztsc5bartpq
app.bsky.feed.post/3khmzbdcakr2b	bafyreiac22dfham6nl63ylxxxud24xn4uxxuz3a7oruq4xf57zavtcrejy
app.bsky.feed.post/3kjbu7ek2bx24	bafyreicv2zetk2bpomshttnvop5wjzsa23333f6rmdb5jrq3qpiknnz5he
app.bsky.feed.post/3kkr2llky3c2x	bafyreigzzqkvq55xzwcnbtradxnsxokwgrbl5qiyama22625nxckz3smpu
app.bsky.feed.post/3kkuoubnih22y	bafyreic3xbpx2w3os2cncmit2q6asukm7p57byuuhy6cs43lo2jc7pqkju
app.bsky.feed.post/3kkuowctkeb2t	bafyreie34e7vd3eg5bdxldqbwysf2pog7lmn4h5pgxizybgj2wohikqidu
app.bsky.feed.post/3kkupkq4dhv2k	bafyreibmggrqauapgvyd4iza4jnvadvkak2nv44m3qv7rqkyj4okjgrp5a
app.bsky.feed.post/3kkupnnylam27	bafyreidmtrfh3ogueb4zhlcjok3qq3r22bfrd236a4oiapvx2lrpz67pb4
app.bsky.feed.post/3kkuxgpwny224	bafyreigjcffxaklq4jneyeoirej2pyp5fks26vmpsziz4hkjluy5mbccq4
app.bsky.feed.post/3kkuxnavz3f2e	bafyreihbruwrf5xra6axuodmpubxdkii3z26xbvc5l4xfchs7bbsu6ifna
app.bsky.feed.post/3kkuy5aq7n22d	bafyreidqjvfm6mf4d5z54wtkro37aixxscxfrtnfde3yl2mkatriubgsfa
app.bsky.feed.post/3kkuyhxhon427	bafyreicepfe3een367fd75yuz6nro3cqabf2fgur3ey3fu732yrbm3z2yi
app.bsky.feed.post/3klznenqs4r2c	bafyreigszryvpaylbiffyzpgczd7ktb7ec634ofcwrywx5khbfqted5thm
app.bsky.feed.post/3kmnthuhrha2m	bafyreif2zddpyx7vmza65wxgaytka7bzuy37ajmjrnnvjmmgyk7jyxb7sy
app.bsky.feed.post/3kn2iadlxc22q	bafyreiaxnol7mxohlupq22qmqdclz7mmcxyz4h5unjukrtbwfdvr2ppnbm
app.bsky.feed.post/3kn2ibbvtgc2g	bafyreibq3a32wcwic5yaaw24cabj35m6jsjueomips3ac7wrxzz2yt5ity
app.bsky.feed.post/3kn2imqafik2g	bafyreidwckzft3dp3ltdqttsjsvn3ysnd6wikajcs4rdnnptohe7jpujfe
app.bsky.feed.post/3kn2ipk5a3k2q	bafyreifhvi4su6c5uy4wqntpu3jrclpbbxt3fvglidkgh3hbtigi35i74e
app.bsky.feed.post/3kn2iqfl6ss2s	bafyreihfdujszdjkpijhdd4fgr7de2qzfy3kvze4koesvgqfqff6bwtz3q
app.bsky.feed.post/3kn4sprttpk2e	bafyreiedz4lymmnrercg6c7uq2hs3e2jt3gqkihrjaqz4vitequnjjheru
app.bsky.feed.post/3knhda47wvb2i	bafyreiapv7k22kcmjmjqnzpndr6dzxjqcwamfrt5s7qknrilxzr3aoht7e
app.bsky.feed.post/3knqrsjeees23	bafyreibxxniblk2ehkdwrup5yx4qejr6ttahr7rxxxzjhcbfuoe5tdjaae
app.bsky.feed.post/3knqrtlsgy22r	bafyreidopxt5smbgbb7cqn3xlp6bu7sfjiyzcuqxo4f5dzpe4je2cfur7a
app.bsky.feed.post/3knqrujb22s2g	bafyreiecil7xu7bvyewrkmcymeenlue64kmdvbx7vphheukyklfvq6zyji
app.bsky.feed.post/3knqrv6nzyc2u	bafyreia5pwbfzn4lwyajcp4jzp66gujzuttpyzt6u4l4ctdsebpx23fofa
app.bsky.feed.post/3knqrvwjoj225	bafyreifnxj454jrpyhu3l2yezb6zgr3iibesd7a7kud3ffoayk7tnjysiq
app.bsky.feed.post/3knqrwt5qxk2y	bafyreiaf2uwavga7hhrp4zsq3ivb4imlpwvavly2wthwvpzyyxkvjnnt24
app.bsky.feed.post/3knqrx5lkm222	bafyreid5hi2lazpcbukn4irrls5h5g3sezwkvu6dzmw23jtsrxwymxqcie
app.bsky.feed.post/3kqjr73p5mc2l	bafyreicufavrdixmfarolv6gmzplq2ipqysezgtfip76g6ym42zreg5toq
app.bsky.feed.post/3kqvj2drkit2u	bafyreifosnbycjansno6udbttedvsotc4773zsj6d55fesibv2rz4tuhwi
app.bsky.feed.post/3kqvj2pxk672o	bafyreibgnzjstdh6k7ory7zxf436ra4z77ncxaqomfiuhmjfbjpxbjgbsi
app.bsky.feed.post/3kqvjbhhc2l2u	bafyreigvuuizulbgv3wldsnlrgvlt6xggprdoqloksxr2yhbmtyfaymuk4
app.bsky.feed.post/3kqvjm3iuku2o	bafyreidxjjccwgczbwetbigowvik5pwlcfw2mdlyx2mjo4d3umq4h3ztdy
app.bsky.feed.post/3krpelvdff52d	bafyreiaf3g6m2rppbf62azztndj7tdmvsngqm7o6jaz2dbhdootxshusgy
app.bsky.feed.post/3krpi7zhokc2e	bafyreiafllfmkqpokacqdwc4a26fuq2jadfkwornjmcs2be2a7c7kw4foy
app.bsky.feed.post/3krpnienegi2r	bafyreiaevwotllzorhjeogyjhcrlj7uzn5oconjabpzx4kkcadzxrtfc6u
app.bsky.feed.post/3krwrzqmxmf2d	bafyreif5hobe7zytuixjjcfmusbtjyno3cm634ehe6il63ksvq4uxvomwi
app.bsky.feed.post/3ksmpstsett27	bafyreihoktrp3mxhjlgwupowmxq2usc4saq5ozas2wp63b2glfsdkyyaqy
app.bsky.feed.post/3ksmptdc2572u	bafyreibe5a445yprz2zh3v62ydezfmsdsof3ixeernmztrmlhiulp66bra
app.bsky.feed.post/3kt4e5rpm4v2y	bafyreig5gji5nge2t2w4egrwbz3x5fmp3yx4ppkpx57ghdaiztrfhz4bfe
app.bsky.feed.post/3kz5ejbwxyz2x	bafyreidhshww4rkdnufx23jpxfunzy7xshj2olhgzmk6yjwzam3rnnmc3u
app.bsky.feed.post/3kz5ek33m3o2n	bafyreib7u7tfeojgkkjjro76cdlnwbi4umv6dntdnaqvtsfuslcgpdevoy
app.bsky.feed.post/3kz5elozlph2c	bafyreigbif3g4i7utuq2lznxmcvyaknwm7t4jt3xetrialr7jwypwwmcn4
app.bsky.feed.post/3kz5fm5zbkb2l	bafyreifrxxzh3x27dw64eh5z65mmzsx4p2k6juyebxt7wnfueo76d2lcmu
app.bsky.feed.post/3kz5fnd7zwr2x	bafyreieqjk3opbgltla4n4llnl3kot5lmfwvdervo6w76ivh3guhfhq4su
app.bsky.feed.post/3kzcv77wsps2a	bafyreietqo4xu6loc4mdw45iydiqez4l5e2jcmrs2mxf6lq3pbthhxfuza
app.bsky.feed.post/3kzcv7kvbks2z	bafyreibi327nihu3bs7rvgtrn3joqwf52disuulatfp3o4s45hvz35kxxa
app.bsky.feed.post/3kzcv7ooy4y2l	bafyreiawugrzc4ctkacghazwb3ljfiftx3xnwn52s2vlemopszaxlaabki
app.bsky.feed.post/3kzcx4lci4f2d	bafyreibvjtkgu434zbvhw2b6s33gmpqdupgkbe3uz5r2ykackd45c3fvhe
app.bsky.feed.post/3lffzv6f4o22r	bafyreigrbu3th3mfptm7gbwhyz2lb5xgxohdz5vazilrfxua7ho6eznox4
app.bsky.feed.post/3lo7amkg4p22g	bafyreiefuzbzav6eytmbhpf6iwg4rugs4izrsx7wxnztnhxq76rpja6b4m
app.bsky.feed.post/3loqxjvk3fs2c	bafyreih4y4hprnfkfgsz6tgrysicnruwk3gboeqjpp2ctrzhxha7npvlya
app.bsky.feed.post/3lpp7scvf5k2e	bafyreiet3rqajtlsrom3tpfzhcqsfshudaprquewlqlpxpxjwvsibu4cbu
app.bsky.feed.post/3lqv7m6xih22t	bafyreif5ib7y4ggngxqr6f37rlnmv2r5zp2hoz32ss6robhqm2avhtczqy
app.bsky.feed.post/3lrgjkp4jq22l	bafyreic7jlqs4p4onfljh6qd6l7zadnapebk5nbtq54psh4gw4pcutcskm
app.bsky.feed.post/3lrh5rpza6k2o	bafyreiff4hvcmjwrrhg7477umwkl7p2bwbppqxftfjw6sk56mp2lrk6cse
app.bsky.feed.post/3lrh5vws5u22o	bafyreifwown6r2cadn6k47khe6tbum4oha43xf5u4euvv3hha36xrv3nby
app.bsky.feed.post/3lrj64cbt5s2d	bafyreiadqtkjlmdnttjoqby7oly2jimrrq2l2jgxzflmyv7yrppdrrk2em
app.bsky.feed.post/3lswt575ums22	bafyreidurmwmc7jfastyt67rbuso6t2l262fgzt3w4lbt3y6ws24lsn36i
app.bsky.feed.post/3lwp3obin4c2j	bafyreigpss6umnsffjpt2x2h5adhobtji2mwfpzolwwkmmuxcvsznm2e5a
app.bsky.feed.post/3lzlhc2o2gc2m	bafyreigk3fa6apptltry5gwj2dhdp63fvjugjz5hqupwtvaoiz77aule4y
app.bsky.feed.post/3lzlji5srt225	bafyreic2zxcvoanju63owvmgf2aq6pi6ymu4i7hh3v2iohtn2mg7inw7me
app.bsky.feed.post/3m3sonkiit22b	bafyreigodpibks3yuijizmruz5nvdj7boarz5phcpud7qxwd5zzggb4gtm
app.bsky.feed.post/3m3sopmz4zs2b	bafyreigbbfplksqeuvqutatjg444cvtdsz3duia7wwhto52wntae3nbhza
app.bsky.feed.post/3m4e3mnxb7s2p	bafyreieqo75jg2lfyeds7alvs5oyfymbbq4s7mxqpfkowfd4apde7mixku
app.bsky.feed.post/3m4e3pdp3xc2p	bafyreiaedljhyjkdzf6ui6oeqrpzuf5x4fijmtbz35uan2wv2v3ummawhq
app.bsky.feed.post/3m5wtyowlsc2w	bafyreiccpvvlbiwe7ojb7zxlyi6mwnmxzha4hmmdx3sgxku4xuvt4hwoim
app.bsky.feed.post/3m5wtypluhk2w	bafyreift3ryvgkmkdgnsilcfd6xsyg7dfnwl6qbdjk7iqaz3qsca5ge4au
app.bsky.feed.post/3m7k3y6ftjk2h	bafyreic42hmoe52doiohzcu6gy7r3ungtkgfcox3n6e3tiglqp5dm6c6oa
app.bsky.feed.post/3m7k4dhrxbs2h	bafyreia4txtp35v5hcro5t77zuejpfhr7j45xhp5tqlgp5vprgslzheh4i
app.bsky.feed.post/3m7ssy6uggc2z	bafyreiece4rwgt2f73qzqgzg3zcorehb7cmmk6quolclvpiv7xo47qzu7q
app.bsky.feed.post/3md7olms5vk2u	bafyreifezyk5upc4a54xsoei5qaqspdurkxzedkk5dl366766cq2vsdfum
app.bsky.feed.post/3md7uej6sl22r	bafyreifne6b273kdfxpomme2jr3k6nyym2kn7k5d2z2woscituksirgnva
app.bsky.feed.post/3mdgdjvmy2c2j	bafyreidgiehd5uqticdwuwozhdmsl57e2m6jcvrwkousgeuicaubrxjtbm
app.bsky.feed.post/3mdgdl7hh422j	bafyreietkemdbrj6gf67w6tkkt3ym73fthwcyvvsxyrwmupzxw4ycxxv4i
app.bsky.feed.post/3mdgftr2dp224	bafyreib3ifb66vgsk7nihom2i5m4tcareypn6vgg7oxq5bqo2zp33f2wxi
app.bsky.feed.post/3mdgmynadhs2y	bafyreibgby4oizjmqz6ce7hzpmygwqtfoppkb4giu77y7ue36v3ri35rci
app.bsky.feed.post/3mf2y35apvc2i	bafyreifbqmtzrs5ghefh2iuc32w3w4dwh6x2usbqyaux7x3jbeylcwaypi
app.bsky.feed.post/3mf2y35ayok2i	bafyreigb4hn3hdpjmv23l2ddhc6ce2h7txluaj6w2gmpmcz6utdrhmgaai
app.bsky.feed.post/3mf5pgwprik2b	bafyreibbkolgdqczpx2vy277ntiogrmxac6hyedh5prgqtgbhlihws25zu
app.bsky.feed.post/3mg3yaichvs2d	bafyreiezfxbr3wxhy2rhykzyx2itgwk2hstssxdtg2va6tdny4v56dbxyy
app.bsky.feed.post/3mg6cliy3lc26	bafyreicnxobbhoeo5j6jlomgrnurtimekqcg66eb6jtokfhm44godcwe4e
app.bsky.feed.post/3mg6cljlufc26	bafyreigsmbnly7gjddoltk4yyxsm5bkwegau62bjaa2zsxkhcxmxyttvyy
app.bsky.feed.post/3mg6uscbrd223	bafyreia546oycrklyrxxftdxh4i62sliycfcgwj3nqqpszh27ehpl7avx4
app.bsky.feed.post/3mgb2bx27os2o	bafyreib6xy7hvch4k2dzhy64fmi3rloebtlpknwl33cxje57tbo7yxjldi
app.bsky.feed.post/3mgb2by5mis2o	bafyreidis7nnvfjl5aau2y5r6f2ctvdadddmyp2kg4bpojeegw5sneguti
app.bsky.feed.post/3mgni4shwas2k	bafyreida5iyl3hea364yeood3cr4w33hhnseqyf7k3njpi7drbsnyvb5n4
app.bsky.feed.post/3mhjb5565us2t	bafyreifqo5b23usjcjjhf7pmgegnhksuat5ruwk4l3inov72ke23vho7gi
app.bsky.feed.post/3mhtaxg4ppk2v	bafyreiabtcmsw3e3t6vgrxwbnbtkfj6atb5falcvakhtcid4pdnejatoi4
app.bsky.feed.post/3mik6af7p4k22	bafyreibs5pqipawjdr5fyeqs6bej4ncc4jchvwcv3lyjigijgzywnsybwe
app.bsky.feed.post/3mjigczpd422n	bafyreidthdypzhkvc6ltddog3gd6bnztdxa6kgku4gqooobtgjjj3yqggi
app.bsky.feed.post/3mk6f3hu3ks2l	bafyreifxxgpvqqfzyxla7wfmkf6ld4gy7sxvk3h4o3wiya6l67v2d3xvoe
app.bsky.feed.post/3mkbbau5vh32n	bafyreicmmxuj6zik5zdvcurevcwqv5muawhgjhykktrvvbdp7czjhfp3am
app.bsky.feed.post/3ml4zpkup7c2w	bafyreid3u43rabogq2hkw7az6c2afu72lgmd32exru2bowaj5htyi4k6qy
app.bsky.feed.post/3mlegzg7zrk2f	bafyreicd4nvlkezapjflnrtogesw4d6p2gj6fuz54fj6stqlxiaargjb7m
app.bsky.feed.post/3mlloo2ibwk2y	bafyreidhtjk434y32jmizji44sjrzuh3h7ngxbhvoauqifb6zv7xp4syea
app.bsky.feed.post/3mltjgll3qp2u	bafyreidnwgflcaozlla25kw3lzwf5km4jqvtdpqycaxyoaru6klkdierhy
app.bsky.feed.post/3mlvzgcxnqh2w	bafyreidza3v2blf7ao7gjalkk75nxvuxhvdrio2rpvanufuqbwbczjc57i
app.bsky.feed.post/3mm5poeo67c2w	bafyreif63qyqkevz363trw7kyh6jobpiyjrjogho7s4kluwv57zmmrg6de
app.bsky.feed.post/3mm5poezij22w	bafyreidokynq74sfzv6mwfgdiq65s6wmz6tjidnn2qnoyfroz7ffyngyzi
app.bsky.feed.post/3mm5prkyfls2w	bafyreic2wau3p4otaogxqz755lylhsagmaldiht4oheeemv7gbavrpz77i
app.bsky.feed.post/3mm5prl43r22w	bafyreiduuxu5rxoudof36lbr6tzkytg4lhrcfxljq47otyn34y4v5od33e
app.bsky.feed.post/3mmcgpxi42s2o	bafyreiexzg7htkzsda7cucjbw4geekc5eg4xdhf4omwgtor36ski7nxbvi
app.bsky.feed.post/3mmf72xkixc23	bafyreiaslivahlfsi5eiuymq7rse2pfasbvisjy6zfxyjnvzcsbfhjqkg4
app.bsky.feed.post/3mmuigl72fg2i	bafyreigzas2s3rbjhlgqif25snoovxngs45dlcxntw3rsg4365rgn2jjmu
app.bsky.feed.post/3mmwoyyeobs2x	bafyreihjm67zlgkvq5bp7wkebh3lvaxbkwl6z77zt744qo6sax6ni32w6e
app.bsky.feed.post/3mmwoyyzuyk2x	bafyreihcbgb7hoi3dnpr5zbucvzfizubd65emqdfv5kj2qxuabd3z6y4n4
app.bsky.feed.post/3mmwpiye4s22x	bafyreie2cihfheda3ccqpgoqupup3j6zhodn5ixrhcmisqsatewvtiepfm
app.bsky.feed.post/3mmz6wuucae26	bafyreihda5rhs3ezulpw5cceysrele74qmhfq6rhqyomih6zcmokmwvprq
app.bsky.feed.post/3mnd7ckbpp22s	bafyreigwlwrfqk33wedsy5tzfipuimahwyrvhwl7voaaqjjao2qnepbnle
app.bsky.feed.post/3mnd7ckhrzs2s	bafyreihycgohm3kpgcavcfae6vmowhmu4txuujih37tjylaotcmittisnq
app.bsky.feed.post/3mnilryio3k2w	bafyreieo7y7qhi7chbwgq5xbxfnr3fnt6drshwatyj6laijjb7an2qxbgy
app.bsky.feed.post/3mnkles3mh22l	bafyreic7hkeppeyo3qt3k2a3zotf5ujgaea4abhmxpedhqz5v3lv3dkqmi
app.bsky.feed.post/3mnkurkveas2b	bafyreigdtoes23x7mr5gk2vnufpfz325tykz7534ad2isgmjrgt3zg5x7m
app.bsky.feed.post/3mnkurltdac2b	bafyreibem4aw4rylzcoj2rq5iawpxtwy4x4fr2pvyqrpysbtxdygzresn4
app.bsky.feed.post/3mnuv66z5ii27	bafyreihkrtcti26xubytnfz36pksufidmqs4ehrt7niv5bnb4chpnmxbdm
app.bsky.feed.post/3mnuv6e6l3f2d	bafyreigw4ajydmqv5urjkifuzhdosqmi2576zopcja4onrgsrwopb7b2tq
app.bsky.feed.post/3mnuypoibus2m	bafyreidklmljc5z2td3vvmmbf6tajakt6uj6xnyqecycwxfjqyonjib2qa
app.bsky.feed.post/3mnx5dbvcos2m	bafyreie7k6op3ahrbea7judavlhf5zqhwmakfsoi4z5j56yj76sc43cupm
app.bsky.feed.post/3mnx6roar5x22	bafyreicoa7ip3zdqyygd5neiwikvaynpzciolxdmlcszuywmfa7msiluue
app.bsky.feed.post/3mnzp5ead422z	bafyreihmf5j636htaqyqncctct2wuefd5yp6pb4ay3fmwbwnxjqazlzv7e
app.bsky.feed.post/3moduzldxr22q	bafyreic7zclfckm3nrplmf2if7qrelcwvqqpripacucjh4y2ur6gvptzse
app.bsky.feed.post/3modxrhwigs2i	bafyreigqf3okiz4oqx2kep2rpzkika7oq4fxfntj6kqh6dwtgvp25fqyxa
app.bsky.feed.post/3modxricj7c2i	bafyreide6fslf3loctdlg5ufgcq5dhguu5knz2l747p2jpob2kxa27bsam
app.bsky.feed.post/3mog2uqkqrc2i	bafyreietjyfwfqnswcnn7dp3lvzh6n2tcmzwjc4x6yqxp7rlsiepqtvaea
app.bsky.feed.post/3moikqirwo226	bafyreigk3jerel66qkekmqzatk5qd7ozfctocxqxubtg6tpsk6hooocspa
app.bsky.feed.post/3moj2gxksn22r	bafyreiatcj7pena3ltplmjaw4dj6d2ejlotgibwj3zimjh6g5kd4waex6a
app.bsky.feed.post/3molpqvzz3d2r	bafyreibqc2olkvlt36fxqjdcam73b66gpngqttmpjs5osxzznuxpolhg3m
app.bsky.feed.post/3moy7fxnbjs23	bafyreiegoormm4oxkraen4a23bsqlsckdlyrnaf73peqmkge53zpiwapii
app.bsky.feed.post/3moybsqwhas2k	bafyreihuhoi2kfaq3mqxcqfs57kllnkyzuicmggwmrpfabhlcmtkqifrte
app.bsky.feed.post/3mp2fbg5aum24	bafyreicri2c7m2q3snkryrhqptkrsr2lp6ao4qanzs7v5kolcsc7yuigpa
app.bsky.feed.post/3mp2n77vwzc2d	bafyreicxjluf5vzt6vwhyaw7abscksrhykqlm2af7frp3udrhbdbypgc4q
app.bsky.feed.post/3mp5varcdlc2z	bafyreigtgmcefefrh6wupnwsmk4fz6b7w3vlwhfnjak4ucxtpicwlntzqm
app.bsky.feed.post/3mp7ryin5nk2q	bafyreigscturw4f2jk6rcibhcvu5ux7xsc3jfvpuigqw7ylbzotgows56i
app.bsky.feed.post/3mpyvivdymc2g	bafyreicm4d54ignym2653bxpjj7n75i4z2igrvsrxdh6mdww5cxwb5sfva
app.bsky.feed.post/3mpyy37eaj72p	bafyreiesaeglcync5tzklefdxmpdtt5gqtzpz7cntylr577qochjs65qwu
app.bsky.feed.post/3mq2pgvpmqs27	bafyreiavar7g2nqln3yddkctatlagka3uywt3w6xpskjoq7lvikiw5vyve
app.bsky.feed.post/3mq5lskog2d2n	bafyreiangubijlktqbx2kitjw4lflwpke3i35dot7kzzty2xpcp32rpgnm
app.bsky.feed.post/3mqb5mj22v224	bafyreihzdsznrw5253g7syzrksy3qdmggya3sprvh46uwczwxrnjlv3r6a
app.bsky.feed.postgate/3mf2y35apvc2i	bafyreifddabyqvynjmx6vpgcwd34dpvwygriorlag6zlssw57icamdcpk4
app.bsky.feed.postgate/3mlloo2ibwk2y	bafyreibpist7nftyhhbjzlbj45lj47jysdg253ff6mah5cmknjivs75btu
app.bsky.feed.postgate/3mmwoyyeobs2x	bafyreiajz7p2jcu4hlwzh7gsdqozccmruaebnctuavcimicbsxmkdeijiu
app.bsky.feed.postgate/3mnkles3mh22l	bafyreihxmzqwgl2p6t4ug5lgpfqk6fdbfpoqahub25iduiped2ffm4qbbm
app.bsky.feed.repost/3jucagn6wy224	bafyreifcjyivhnwendvztffe5yfa24jirspti6k6nn6api3efmmr4rieke
app.bsky.feed.repost/3jucahnio3c2k	bafyreibaj7pakkgd76xhu6p22qpo53yh2f4oaayno5u3jx3h222a4oc4qe
app.bsky.feed.repost/3jucaj2zagk24	bafyreicorj5s2hicd6sdcyfumhuwskcyuqhfru33bojroes2ck2ris66we
app.bsky.feed.repost/3jucak5g3ya2z	bafyreif2putgoiu43h22r7ulyrm2f2h6u4epu2uzaz3aheq4b5m5vzuhku
app.bsky.feed.repost/3jucaovn5yk23	bafyreibm5lvl65lkrsb46gltln6265fji7an5n3grltxsm4rm23liys4i4
app.bsky.feed.repost/3jucavdsztd2k	bafyreifgsneeffx4le4slds52atvxc366mlhi2gzbrhrqp6w7ih7aawnxu
app.bsky.feed.repost/3jucb2cpqrc2e	bafyreicuf5nzj6grjrg6qhn6p4hgzhbpyytv7kf3uu4fxhijnq2wfeobra
app.bsky.feed.repost/3jucb2ss4qi2z	bafyreicchkys2nm4mysivgxxr3k52zlr7wregyknidptpdgz73of56fpzu
app.bsky.feed.repost/3jucdh45wne2e	bafyreiecshsyzs4z6g22zoslg64o67j6vozhrx5dkmaj7us55wuzftchum
app.bsky.feed.repost/3jucdjbrgw323	bafyreih5uqhqpbczyg5bk7a26xji62toj5knchvw5yy4sw7kbji3llwphy
app.bsky.feed.repost/3juceggzwym2o	bafyreici2cmyhqxk73pok52nmi5plgenfxpgilqu2d22sf6qt2sriocave
app.bsky.feed.repost/3juch2fmucs25	bafyreihxhqaxiwt4trypnrdflxzuglaor654f2pmphlsmre7eaeqkzfb6a
app.bsky.feed.repost/3jucj4rjgjn2f	bafyreidt73wcnw6jt6tal5fpjzugrku6tctnd7xcpcdohtkww7wrzcredy
app.bsky.feed.repost/3jucj6pwvhv2f	bafyreiav76y3gx5ntluim3f4xfnao3tnxzlwzr67dtwbfnpwnu5ok65zhy
app.bsky.feed.repost/3jucjatucce2r	bafyreigxcbuamgcmykagpr6buqvvkedwrsj3ekz2xzfx75osbuyzztyuq4
app.bsky.feed.repost/3jucwucy4sc2r	bafyreicwpl6vuvwetol2hwzx2kqemkqevpskolqzp5afn2rr4bw4pcvu3i
app.bsky.feed.repost/3jucx7n3okn2i	bafyreibyc4c2mbbt723ld5swqrpwcsj7mxnee7jl3w2dgcpnrzvh3ow6xm
app.bsky.feed.repost/3juczungjj22i	bafyreiaacnrzvqdakmr4l5dxqxydjjoiyzh4qblwxg4s72inbzcibu5kni
app.bsky.feed.repost/3judaayt3g62x	bafyreibtiehhl5up26ilbh4mzpgr57fpe3wa6urtez5rulgwzpfddfh4em
app.bsky.feed.repost/3judfmy6pql2f	bafyreiez375ulzyhfhkorvqhrabpil4k6xe33qvtz3iutjsdazo3g3xtj4
app.bsky.feed.repost/3judgpsq3qp2x	bafyreidowshse3yfkgn2jip2btwrsexujyhpqwjexke4iepo5k3w53l3q4
app.bsky.feed.repost/3judmep2mse2n	bafyreigim7g6qj5z2reavt6jvfaan7rdyoqxaadblfsb536c4o5o5paaru
app.bsky.feed.repost/3judmft3kdw2x	bafyreib6heovqhshaerqfp3evpnwfurz72aewxjkqrgjxa7uwrrsxhxkcq
app.bsky.feed.repost/3juekfrozal2m	bafyreidvqb7xn5b4srjemaqtbobameeuvp6czvzqmprfpygwd2qsekzxyy
app.bsky.feed.repost/3juekp4nyzs2u	bafyreichk5u3kdcqsyspbaw6tia5pifgtwp7mdcor35kjaxx6hie3lgpty
app.bsky.feed.repost/3juekpfkqnh2o	bafyreigjqx6nm2crl3xyz6ylh5n7js6d6fcjndbazqteb6garfgoilm4n4
app.bsky.feed.repost/3jues6hltgc2m	bafyreibdgngu7r35i27serxzjmq7wb7tnljex6h2lg7w6jrt3jaqenyxm4
app.bsky.feed.repost/3jues6voma22n	bafyreidb4hokb4qonvp5wx5ahvs4ejkjry7tnpwl6udmtaisqzpfeu5rnm
app.bsky.feed.repost/3juesac5qbc26	bafyreiezoytu5cj3xw3btzu7zdm2sydyel57wl2e4ftl63afzyoeekizqi
app.bsky.feed.repost/3juesbit7us2m	bafyreihfzx7uwtvgtx7til7is6lnmnaermvgfnkiqpvwikh47qiyjwdnta
app.bsky.feed.repost/3juexw4o6j62h	bafyreifwd2mkmirbigmbwnd2nc4jjj3o4myim7t7krfzlqgrmn3f43qzlm
app.bsky.feed.repost/3juexwa46zf22	bafyreibhyrq5d3mqko4vmj4muo7fi5nw66imzwabaugm54ykz6erxflybm
app.bsky.feed.repost/3juezfpsjyl2n	bafyreig6bqnsk46kma6h724ooupzzpcsxqboq2i5pxj2x4hcpo7beb2tva
app.bsky.feed.repost/3juf3jutsnd2x	bafyreiaef6l34tz2flza6otlpmo2trk6gspvwnoxuhzn6umtxgzhh6pj5q
app.bsky.feed.repost/3juf7ixcq6v2f	bafyreihfovgk5hfs6gqienemyqwpc3k2bfspksgg4z2av56m2nxlt5xpcm
app.bsky.feed.repost/3juf7kyxsk22z	bafyreielq6yghsm3om5p2srwt7eyyfrjvifkldfgct4hvapttuptjqoptm
app.bsky.feed.repost/3juf7lnleye2g	bafyreiff4zag5dsytw43xnjpdbcbbdzlpj4ymzctprs3rcyu7h5l2hihzq
app.bsky.feed.repost/3juf7mfcnud2b	bafyreihmu5h6baxwrc34objjgp4smr7qp5x73hud6hucj33ptbuhadynlm
app.bsky.feed.repost/3juf7pmlkp22n	bafyreifls7mgo3gqrpm67zuhmxwplqqeudqzfkkucel5l3rujhdk5o6jyi
app.bsky.feed.repost/3jufdtizl7k2r	bafyreidy2trpekyftlq2ofczhbe3jllgx6xgcfwcseoycuimuoghlxplaq
app.bsky.feed.repost/3jufprszbvl2k	bafyreiblb2zhe7r3wq6xja3snat3eupkuxkp2dnciv2otxzayne4m72qk4
app.bsky.feed.repost/3jufsevasus2n	bafyreieiijlufrsbh7v5fbxuh7gdnup63wctxmsdc2slxulwvev26nkqgu
app.bsky.feed.repost/3jufsxaj3fq25	bafyreia2fv6cugaed373j7gxjpmqvf4rfb4vgbq7ji7w3dbm22i66lwi7i
app.bsky.feed.repost/3jufsxidkzo2f	bafyreiaruwwseftb2gyki33eulgtibc77z2o6tby74fdwlmuoy5ciuxqx4
app.bsky.feed.repost/3jufsxr3kcx26	bafyreibjmtg4767ml77rsfsx3ebeqb4czjsg5p32g2b7py4453fi2qyb7q
app.bsky.feed.repost/3jugyaw5lz52g	bafyreib77zgfnezoofco3gbnis7uuj22soayiz5vppk2yukztkbju47xj4
app.bsky.feed.repost/3jugybd57xs2f	bafyreigm4crqhxdbybgdxmaeew4txil4riagtt6xnfdwtakvpv2mp7oydy
app.bsky.feed.repost/3jugybvn3ei27	bafyreicvyke7snl3qu34yudmticifkeaftubks2qt7nlwxoty7vugojoim
app.bsky.feed.repost/3juh7dpp5i72s	bafyreibn25rehi2grc2orxigmsixogq3tu5ascse6jqogqk5umzliwmzve
app.bsky.feed.repost/3juhcdwfjke27	bafyreig7cnswlk5vtt4lrwnnaocn6kpsy5kmpqwjkee37n2lgktgfvjeb4
app.bsky.feed.repost/3juhkcuwmg22o	bafyreic2fpzojddi7p5thcpxi3yjoltig2lmf5wm77azs57xtiulfin7ai
app.bsky.feed.repost/3juhr23qqtq2s	bafyreidmjm763i3sburzz7zjhif477fm5hk3esnp3kv3mo52p676upv5w4
app.bsky.feed.repost/3juhrh5du5c2h	bafyreia25b5tg63rmdlpj7w6ot474rulxhhbwa225emykm3jn4lpg7evdq
app.bsky.feed.repost/3juhrhi5nmc2k	bafyreicn5su6vmawfo5brabutk5bsxnn2gohnfsne77g2jp7hdpctdmm54
app.bsky.feed.repost/3juhrqxtbhq2o	bafyreiapxybtqbl3wsnyliewxktzcbhpge5r6ztegjpttykh4dk423mktu
app.bsky.feed.repost/3juhrre25c22k	bafyreiesxwmcizuhdtxfjw4hfksyswmqfy2z52rn7trqndzymkegnhyrka
app.bsky.feed.repost/3juhrtewv642s	bafyreihvlu3c2elqnioag3wqvt4a7eguvir27wlxht3adrdfdtu53kez5m
app.bsky.feed.repost/3juhsugfeyi2k	bafyreihf2bu6juukspwog7dhlz4ochmglguol56dh6jifmrs4ewa7k2twm
app.bsky.feed.repost/3juhuy22m672p	bafyreicjwno4ytq3ledctm67xotssymtyaey5vpuaijklluvczc7e2hbre
app.bsky.feed.repost/3juhwxryuhc2l	bafyreibcfllym6spl6hbfufoy47ckaxx4xjnhqexfzdaqvk7ss3mey5kjm
app.bsky.feed.repost/3jui2qyihql26	bafyreifntw3ifch23te5oio3fweemowoevii744n3w2wppummiptiv52py
app.bsky.feed.repost/3jui2r5f5g225	bafyreih3qjrgzcfhzxaqsuba6ehda56qyaw3qwqynspe2pboc5uujwiggq
app.bsky.feed.repost/3jui2rgvmld26	bafyreihz5vobnxlssh3vpc2lob7vd4gyp7ztbgpnmckekdayued3y7wwg4
app.bsky.feed.repost/3juiect6f6c2y	bafyreic2nmqgaodag5n5dvur6dyi7gyfwut3cxumvd3snmm7szro6gjzjq
app.bsky.feed.repost/3juiep5zasc23	bafyreic3dky4yzva6j5rf7dhsibv76h73gelomaki3x6ce2syuwqg654qm
app.bsky.feed.repost/3jukhc5khek2a	bafyreid6jtpnfevtltgy5ad3ojxuiudjvbwrcjipnwtn43e7z5tgjpxqpa
app.bsky.feed.repost/3jukyzrqo522c	bafyreidkqn4lgdwoojijwnfuxtp7myfbazfkuk6afg6bobv2yx65uw5yee
app.bsky.feed.repost/3jukzakqge22h	bafyreihxknoru62mimdjcn664pzj5fbawmoukq76jd355tvvy4etfnk7bq
app.bsky.feed.repost/3jumd4he6jw2y	bafyreihpnbocknaxclpmcgse5yo7uzzuvh4ac3hmtbhbbveu5r6nuw5lku
app.bsky.feed.repost/3jumd4xjefl2l	bafyreiewppnavh5ioj3xqu6uhz6uwjkdhnmp55hoibhn4kulm2wa5manfe
app.bsky.feed.repost/3jumd55bozd2c	bafyreicgijbkv4b4chb6klmhnyp2l6iozj3iz7xldxctcilorbo2uyk524
app.bsky.feed.repost/3jumd6iifvi2i	bafyreib4drrn5bnvyirjbrdpe23zuo6ys7e4xkx334iyjvqvhbhi3a5xlm
app.bsky.feed.repost/3jummheimq32u	bafyreigfwp3ditzwmgd2v3noulwmzmwivi6pulwqympzpcoeydcgav4ahe
app.bsky.feed.repost/3jumtshvasg25	bafyreiebvekbhw756w6tyacmjki2ma423mtcfnlpowri4x6apzncxmv57m
app.bsky.feed.repost/3jumuaavohg25	bafyreigbwbccpyiz576vyargckh3xij4tudlmdeuy3wyepkuwof7bkcb74
app.bsky.feed.repost/3juojguzavs24	bafyreidi3eod6ohirigpgsqeyinmiqwgxgsgsu326mng46fy3uqneyjabu
app.bsky.feed.repost/3juojk6ys7c25	bafyreied5yqz6573w45pmnedwl6ss4qxjpaxbbp7zy5vm2fnd4w5rcwhau
app.bsky.feed.repost/3juotvnvm4n27	bafyreiepoblh7u5mkzafeppc5gvkgptwtcndszpyf6rhnzxdqr6mhvxesi
app.bsky.feed.repost/3jup2kg6lpp2i	bafyreiajvvbzk2raduaqyo5oraf4jsvejiwwzzxdwohcr5mcbui4ik4ll4
app.bsky.feed.repost/3jup2l7z7aw2n	bafyreichmdczwwrbqp5zovrlomly5ouu2vgej3s32kqwitqfncxxp6xa7m
app.bsky.feed.repost/3jup2obmy6w2n	bafyreig7iabfpiwpgd64jzjxdsqsqtlr3ommwk2honlsd4w5vvmwero66u
app.bsky.feed.repost/3jup3bhzy672i	bafyreiadyivzd2nibgcljg5677maawafe4u24f7h6efcrx3cizliz3g3se
app.bsky.feed.repost/3jupa32syik2h	bafyreicflclnp3vrvriz7ecluq4errvaxll3l7ndnb77rhcztpdkul5goa
app.bsky.feed.repost/3jupa37ddn225	bafyreiaegfoyhw7ized556532l5yno6zwhcmx4vtwrm7ywm3adimzlg7li
app.bsky.feed.repost/3jupa3c5bks2v	bafyreid22vv2d5chhuvcoe5azobbsv2ldq2mnoel3ezwy3wia7aoywn5km
app.bsky.feed.repost/3jupjcnhrem2o	bafyreiaiwyu22lo5725nkusxbz262jvw4dpjs4fc3iorlicyx5gdahfjym
app.bsky.feed.repost/3jupofdl4dp2o	bafyreiflg4i6voj75bl2fjkxvaafjrv73c34md4hl54lfc5mvksa4j57my
app.bsky.feed.repost/3jur3us3jlo2h	bafyreihg6lfxqdhrwwyoqt266wfmk7kgo52ltqeuyeazm37sw6t2nssbvi
app.bsky.feed.repost/3jur3v527bg2h	bafyreibrifcn7ukazdrymafhcvjvawjtls4eyl3rwxxf3nghhxozlmeywq
app.bsky.feed.repost/3jurk7j7svh2c	bafyreigp476xtu4p7xgcldz7eocvwchw6aqqtltzgbokp7j5t2yyutlvca
app.bsky.feed.repost/3jurk7qjfic2e	bafyreialzqqhapmwwwvvcc6lakbuxanyskndkf6rlwukwt2ypvest5yity
app.bsky.feed.repost/3jurkab6oxe2c	bafyreihuhrqe5kxv66bclphghejzb42jrfituf4louuqfqkithkyh5pcza
app.bsky.feed.repost/3jurxkca57327	bafyreifhh7ilt3wanwupbkaewaadomocr4pyiy4ih4pstk2cul55wgasby
app.bsky.feed.repost/3jurxkqn3742b	bafyreig5vv6wbkrkbxuqdc2yi3cg2ohewfoxgxx2kufpumacndmsykevsm
app.bsky.feed.repost/3jurxqldyo72n	bafyreieauctbv6pqinqlntxfet37hobg3xt3mzcerxrcvvfuqfs3vijfg4
app.bsky.feed.repost/3jus4bk2ri527	bafyreihmn2cekjdegycoipmt4v3xafef7pbawfh63awo4uqjl4v7sfiide
app.bsky.feed.repost/3jutndiy2iu24	bafyreih3czs5p5tglzkhv4zfx2kxxuzx553tfmfafgd2u6opz4nmzl4hem
app.bsky.feed.repost/3jutneo2uuk2e	bafyreiaw2kkcpijlcr337fxnyx4ablfpunrzhfivckdtneojesuvnmx6se
app.bsky.feed.repost/3jutngvtya62f	bafyreiffnp5a7iftpuyohcoyjxco4w622r7qmoqvqq5atz3mvb47mqzxxy
app.bsky.feed.repost/3jutnhaitox2n	bafyreiaciws3io62sswxvxwzu6jraf2qd4sys47jfy6ww7ajhf3ayolxem
app.bsky.feed.repost/3jutnhg5o222e	bafyreiem2cstb4jvhmkyqxeopuoapkh7wsrkx63h3mgumofyc4bqw5d2m4
app.bsky.feed.repost/3jutnkescdl27	bafyreiavywqq7o4lz6m32wukr5drpb7ghgjjjfww2uqdinie56kprp5nnm
app.bsky.feed.repost/3jutnwff23j2v	bafyreidppkluvaiqeblgbdsnx3nrcewcyqg5pchxvu6xke2mqukm2dwjgm
app.bsky.feed.repost/3jutnwr7mel2m	bafyreiabasco473j77k3u6zcjlegcu26dxzr44ym5rcrhmau2mmkmoyfmy
app.bsky.feed.repost/3juu27tcmn52m	bafyreicmfjtvdxts4vhql3k6z7dzuyctltid5fu2buxsqmihspk57ambja
app.bsky.feed.repost/3juu2agk4ws2b	bafyreigoh6lnvoj653skdzsdmhcsmooc5z4w4wvhb45bq44twmbehpclii
app.bsky.feed.repost/3juu2ba3zdh2m	bafyreibmnefpfy3ooqjowhzs6pdhlj47u4lmkc5ctgfnpwktm5u7nc6wwm
app.bsky.feed.repost/3juu36nfn2n2n	bafyreiae672mly6jthx2e4czc5maeggumjex23pbsixjzhfd673anlugfq
app.bsky.feed.repost/3juu3kjmavr2v	bafyreic4i6i62k2daiu4f62xr7yftlw2vhdtjrwjgwtp6bgcstychvcliy
app.bsky.feed.repost/3juwvzda2sm2j	bafyreig77hmr5ngawctvwe74cn6nkwp7kv5emqlc3txndmdikr7ijcvjxe
app.bsky.feed.repost/3juykdzkbl52h	bafyreiax36k5ivctixsdalf2dpqppnz74y3s4cn6kwhvofj2fjiwnrxa3i
app.bsky.feed.repost/3juykeofk5l26	bafyreiexkh4dggdtv75aun7od6mmidmj3svefrnxoh3n7jjlvsfn6xnq5q
app.bsky.feed.repost/3juykggcugt2z	bafyreicswvtoqpekr4ggeg72uv7nx6bjz4tt2yci3aey2bwnfmif3bds4u
app.bsky.feed.repost/3juyzf2rrpw27	bafyreig6kj3ick5qiaiwbruojukzrcdcev4nx7kcjkkshx4hb7q4ttwd3a
app.bsky.feed.repost/3juyzfbzizd2v	bafyreiclw6nmh6sdshrlquv2mbrv7zy4nj353tizlhga457iofefzp54dm
app.bsky.feed.repost/3juz5pr7l432v	bafyreigwoy2yixghmq4njpznagqsgbqsoodna2ncflfdqmvghueg4wyiv4
app.bsky.feed.repost/3jv4bfjowzs2m	bafyreieqdxv3plfs23jryokkibspw27rfxembfk4kki67cr5gouahhx5wa
app.bsky.feed.repost/3jv5mppaqre2m	bafyreihyxfu3c553mjcrb3tcwg5lizpoj2fvwwyrk6ftqbu74ilblrvqjq
app.bsky.feed.repost/3jv5nt2p2cz2o	bafyreihjltdzctgjawck2uqoood463pse46ak2bqdmvfyewu4ks2fdshbm
app.bsky.feed.repost/3jvattjtuzq2c	bafyreihwqkvmchtwmw5txsk7dalyrzsmxksxgo5d7a7oc4vuhs5ukk7are
app.bsky.feed.repost/3jvb2v4noj22n	bafyreib7aeuv3npil4fqcf6zyjcevwpz67hhdupcdhjmvmx7nppbwjzjyu
app.bsky.feed.repost/3jvcw2z5cm52h	bafyreihf4qdtgw6caosqlatrqh4s5te55atjfgymmq3nld5mhhphhy3hsy
app.bsky.feed.repost/3jvd7eyujng2o	bafyreianojgtdquhestuy2jjshbierlgw54bjog6jievhfmxst3ht3x25u
app.bsky.feed.repost/3jvddcigibk2f	bafyreihpsxjnwme6vvbclsdjr7scnkg7l2ys5w4cbul5qslhdtpemofbqa
app.bsky.feed.repost/3jve5w6zt2w2n	bafyreiasgbehpmzhjfrl5mwaycll3poge7ey2vhcagogugcnyofucxhu2u
app.bsky.feed.repost/3jve5ycosfk2k	bafyreidz4g3e72bhyjrh5hlxe3h2aa4d627bycqe3vkfjxtgxl5vehhsya
app.bsky.feed.repost/3jvfjrzksws2z	bafyreihfyx74ygtvgakp3pddoflsqfadm7esnlk6tngpzc7wbwqyktv6wy
app.bsky.feed.repost/3jvfrlywdnr26	bafyreihzo4jd4meyvu7jkotu7ypbduatn72n56lqpjkydtqpw5bbqqzcom
app.bsky.feed.repost/3jvgct2xjkk2y	bafyreifgzhpj6imzrzr3nvumitjxneimcpaqc4u4kjxzzwqotg4ozotyf4
app.bsky.feed.repost/3jvgdgi3lpv2h	bafyreifayrejuallihzzuqyqz6z4g6wqrwjkczddqnyst3vq7dvfj5vqua
app.bsky.feed.repost/3jvhs7kkwz62t	bafyreibqd7keostdgwfcjootuteukxuvznycodbwizv5bu3mnoq2kjgilm
app.bsky.feed.repost/3jvhsyiwgk62t	bafyreihlibxuuhj4fy2tsc7fwmjxm5pwvrotmqffs5agejd6jd6i6wqbxe
app.bsky.feed.repost/3jvhyu7lvni2y	bafyreifnaay25u3xljsmp2p5wsme4upo3655c2q2tryh3jhfncxccjazgm
app.bsky.feed.repost/3jvijocztsc2j	bafyreihctajltqjeees6vg2dhc7emx74yb4uvvi2txxwlbbimgfzblrnie
app.bsky.feed.repost/3jvleuolmal26	bafyreickuzftuiedtihvtjl33g5eqpmymqnfuvnrxx3svx2burxvewqvde
app.bsky.feed.repost/3jvlev3ujvl2k	bafyreicnnx3zajbwhcxnm3jlaluihn2trr5awssjdqfhmg4uhq7jrl7jea
app.bsky.feed.repost/3jvrutjospm2j	bafyreigs6cdecnpy7p2i7lgatpi4uv5ghhecyr6buyj63oogrtjpm5co3a
app.bsky.feed.repost/3jvsa6pa4bk26	bafyreif7hgmsvjrhyid725mo576wvzahoca4zz32qopv2bfuyxqurprnui
app.bsky.feed.repost/3jvsa7cejj52f	bafyreibkebt6jhxm4rlt6atu6rvcfoqqaycja3ahtweuxdxolq674ogj4e
app.bsky.feed.repost/3jvsbczt5ry2k	bafyreiewbxghxl6kf3v3brq2mzneugrpirdtcmwkuyhq5gtwxonmopiccq
app.bsky.feed.repost/3jvscjjkp7p2m	bafyreifub2n4jacr4sop6jdg43x256rilslj3a3aj6fv6oa365wxivuzvi
app.bsky.feed.repost/3jvuhnuxyjh2e	bafyreibrab3nujx6whzwf3xwofam5yvcm6ngmpjerw3d7k5pcr2x5yc4g4
app.bsky.feed.repost/3jvuhqecykx2o	bafyreicr5y63inrskpbdjdxsyfvx4z6tednb7ybo6nfue6vtrb3b3nmg6i
app.bsky.feed.repost/3jvuhxat5h726	bafyreiht6yyvy2uwnro2ynkkvgl2rwgdya4twvtemqz7v2vf5oi4cpy27a
app.bsky.feed.repost/3jvuidwvtjj2j	bafyreibaly6k5xc6s5cxsw4ninnbyepyylutvu7n3o3xw5suiajdlonszq
app.bsky.feed.repost/3jvurhqdrpa2i	bafyreibgl6mmynylqahjxknxxn23qynpkcydmmeskuxdea2ohob7xnumqy
app.bsky.feed.repost/3jvvg36ytre22	bafyreifu2igblqref3lfe3xjwqqog22tjo3mfl3v42si7ngxks4ywdqqbe
app.bsky.feed.repost/3jvwtly4kjl2x	bafyreigxe2o7whcb6s4vuljsn6gme4yuxbrzgiqu27bnotk6p2fahzd6ci
app.bsky.feed.repost/3jvwwfrw5z22k	bafyreiar62hy2pj2f7ltgkyedon36gudxkeyo2i7bqcigwasw7tugv2qmu
app.bsky.feed.repost/3jvx7ei6ld224	bafyreig3e545ehf427rg2bz4drq7w2uceussyl3v7ugpsawlksvorz75sq
app.bsky.feed.repost/3jvxr52wcef2f	bafyreidlwtb2nkbpwegk2jtdtk4mjek6hbauvk7irrcovzdivd6hwlbsrm
app.bsky.feed.repost/3jvxxinq3iq2t	bafyreic6zajqkg2vaudf4fcrhto275z2djkagkptzde3w5yqmg76ms6cfe
app.bsky.feed.repost/3jvxxuv7pbw2f	bafyreid6kf4dci63j5ntize74ajwlnzh4xaoikcyg5crlnwueezgfmt2p4
app.bsky.feed.repost/3jvxz443in52w	bafyreiej3nh3w7e6zxvjvalezzzffup6pdafutmkx5i6j5ykqbu6trdara
app.bsky.feed.repost/3jw2hxsqpq62j	bafyreifm4sq7zsoizathxzwibwhpv6fvf52shoqkcuup53glgmuo4aa7oq
app.bsky.feed.repost/3jw2hytp2yc2u	bafyreibftgumohdeoawgmhzdmd6ztrjfutdmrk4ntzanfwo7do4wu4bxou
app.bsky.feed.repost/3jw3rk3ymvv2c	bafyreihq3ihgauawu2aja4kh4wvtjc2h6awor7tho3eeixxilcm7nu6kgm
app.bsky.feed.repost/3jwbyz45jov2a	bafyreibqg3ddcwnft6k4u2gujmsymqoxqikv5jhd5wqpqhzsavljfx26ze
app.bsky.feed.repost/3jwbyzphbbn2j	bafyreif3nfqyyfuzowzqicu6pqpxxtwtpiqfggcalauesqoeapwmuvfjly
app.bsky.feed.repost/3jwbz26yifv2j	bafyreidqr6gqnqjlt3ilqyjp4pybftw2rrr4bipeblne3hzndfy364vjza
app.bsky.feed.repost/3jwduuhftou2x	bafyreihiuslgykyjxhvpmivj27ts6vmdsnqemd5yhvlbsmc6rkeretisbm
app.bsky.feed.repost/3jwe5o7d2mc2f	bafyreiflwl2hlrh62hcorjy5kltonsofshyrafoqrhpy4czyey7xthix2u
app.bsky.feed.repost/3jwenpgmsi72f	bafyreicw5wieovmip56y5eup4ia3gmeqjsnachzlko2p5qjkwwgn3bf4wq
app.bsky.feed.repost/3jwfxv5w5c22j	bafyreidit3fmvake6bdsqrnuqd7suhxuqi4msrw554h25x4xbvrj66p62u
app.bsky.feed.repost/3jwfxwn4v222j	bafyreic5x3cd3uaafvttschgu5bto46xm2k3ahpkzdzqwvs42snmu634ja
app.bsky.feed.repost/3jwggu7jsok24	bafyreigmgckr7pnsw3jhnpehno6bcl275e3fux7hslvld6zq5blu4ukujq
app.bsky.feed.repost/3jwggv5dq322k	bafyreie4czzxysfl7o3o3srym3evsx26oxxrazljltvjc7qtpvp5of5uuy
app.bsky.feed.repost/3jwggvgf5s32q	bafyreid7gjys2x6cnav2ldzs2uub23qtkv3ckmkn63vgzuyhjziwxevqgq
app.bsky.feed.repost/3jwgilzg6q22v	bafyreid2chltiodzqxzg4cqfxvknu5pb4epx3y23h5ussayggkjbjlxdwe
app.bsky.feed.repost/3jwgnasd2s32e	bafyreie3l7hhiq7ujghhu2yia4ve2sgfygs4nzhxedc7qp5fb6uqjmfchy
app.bsky.feed.repost/3jwiqgsnuos2p	bafyreigyoslfg7g3bnookrsvvpxsvunsacxmeo7pg5lk47u3xovmqalhoy
app.bsky.feed.repost/3jwiqktexad24	bafyreif34uihet5ylggmbrtalcdxenuxzsg6mytnytceq3n7bsczv4r5hq
app.bsky.feed.repost/3jwljlvlaie2v	bafyreiaco44cop73szf2sqtafnwygm5najvti35bfzu5gufiavwwbpjfvy
app.bsky.feed.repost/3jwljmm3p6c2l	bafyreiaa43phvznkyiqvlhmti275fis3ih65zvqypzyuaykgiaest7n6ny
app.bsky.feed.repost/3jwmgtrujcs2y	bafyreids7fu32hndcaxkp2hlenf326sperbzsjyflcvpqcpelzqs2w4b2a
app.bsky.feed.repost/3jwnjvkouxs2v	bafyreigaojjxrhoppcr4kglhiyijrmirriuf6vbtwqmrhalplmgvblhr4y
app.bsky.feed.repost/3jwnjwaiwuc2a	bafyreiafyy5gkmnswtifh2u3ulqurqim7uofa4weoyi6z7jrvg54jaal5i
app.bsky.feed.repost/3jwnjwxpfnk2h	bafyreidhehueot3tdohrxvqezqji25dy33c3egcpyn6cugnbqogeuhdnz4
app.bsky.feed.repost/3jwnkanf5xc2b	bafyreif7q3tygk46ktayoiaheborhzctuclegbonf264pxrladyvjykqdq
app.bsky.feed.repost/3jwnkawevxk27	bafyreidyfnj6buk5sayh45mwentvxylwlj7snfq4tcpfxv4463klyphpde
app.bsky.feed.repost/3jwy6y3qkzs2k	bafyreidxv6pu7xptm2f6ptczoyumdlxks4idkeq2jmaxmduw5q4ckgoxva
app.bsky.feed.repost/3jx22r5p5kl2t	bafyreigjdn3wa5sppagzgl6wgqxfaudoyorepszwxc2g4xhobth7qkwgyu
app.bsky.feed.repost/3jx22vyshq22r	bafyreibugz2tztezbm3v57fuykiqkbkziqex5lx5ebirbl7xficmfp5nzm
app.bsky.feed.repost/3jx22waysb42x	bafyreiaowpgd5qozr5qvpyn2fsdswb6boqwa2267y6xtc7dxysho76vbjq
app.bsky.feed.repost/3jx22y4rt2k2s	bafyreiggwoternreucpywsw2cauzy3a45f2qcdpvbsessmqnxgfy7b55fe
app.bsky.feed.repost/3jx22ys4ql227	bafyreifznn5254z7rbnjfphrvbf7hc3i63uvpc2k6afbxhjyzhzhq2oztm
app.bsky.feed.repost/3jx22zheijk26	bafyreigt6svjn4by7aqrpsauqwmbf7e5b6lz5coupcjohjbobt2tq6wqga
app.bsky.feed.repost/3jx2e5dbb622x	bafyreibmp4abij3sc3umxa36ohwk76bcv4qzxca2ugzkjeuler2t6ftqdu
app.bsky.feed.repost/3jx4etsz7v42s	bafyreib7gji3prtbwb4jydtryegl5tam4yawwbdab3tb27syayhp7cjw2a
app.bsky.feed.repost/3jx53oqw6lc2u	bafyreiam66mcq4cze2u7yi3ngamlabibdetpzj5aobtf4uxn7wan7znjk4
app.bsky.feed.repost/3jx53yhwtwk26	bafyreidw7fi36v3b6qkhgndxr5mlrcvux5yxp35npxxefvojigcr4xasry
app.bsky.feed.repost/3jx7aba6rjt26	bafyreih3m63tcgeylzjzwsxcohsczhebppktlujnpmsqigeyhiy472fxua
app.bsky.feed.repost/3jx7abe7btn2a	bafyreia77jahqbnkg7r3jmjbcfu4smlsgs7ynfpg7ifw2nvdqqipzbtvii
app.bsky.feed.repost/3jx7abgrjoc2i	bafyreigrdd3x2smwyxm4wrn5sgycq4ciavetazpdie6p7qmdwemtxteddq
app.bsky.feed.repost/3jx7abkaocs2i	bafyreib2vpoj6le7g4selpjqaudlu63yqm77hin6hxjxbtx5jimaphmooq
app.bsky.feed.repost/3jx7bhjt4cu2r	bafyreiepabtxvnw4zafzjlhcobg4ay7byzqprvbaqhfd6w3veott26a2yy
app.bsky.feed.repost/3jx7bhp63yk2i	bafyreigjt5po3pav7isruko2ncnpez3p5dq5on43zs2z3ep6e5jocwbtoq
app.bsky.feed.repost/3jx7ceodfxl26	bafyreieoe57nnidodfummv7b2ncygtmj4sy45vfgdwtvtcsw3wnwhajc7a
app.bsky.feed.repost/3jx7cexom6k2i	bafyreifr22ik42yjauyxnyq4sygp4bceabj76nak5nfqlrrc7mfztguetu
app.bsky.feed.repost/3jx7dy7uuq42e	bafyreigalvvlbb6stdqduxlg6fmtq5qupftyp5hchvdpukafx55liysyma
app.bsky.feed.repost/3jx7kskzxct2z	bafyreibqb644h7p6d7po4vu4c662wvyg32vbqn5igpwntylf5anu35xske
app.bsky.feed.repost/3jx7lfz2kle2r	bafyreibknxxxqshbpzqmf22bb53ko65l7uf4kdoxzec56p4m4ut5ab7z4a
app.bsky.feed.repost/3jxgxjwdp4623	bafyreidttxpwd42k7slhx7sn6wb55gadb5pacbejihvyn26kwsjnu7vjaq
app.bsky.feed.repost/3jxgxn2vxi32l	bafyreibv2pftt7fimwyan2356bxrm2cjzuzvtgmo5kguc3svzbtxlgga7m
app.bsky.feed.repost/3jxjlqp4ejc2o	bafyreiaa27lhau6hcwzymcufd6thamne7o3c3pd4qwkn7wrrgp2lwydoau
app.bsky.feed.repost/3jxlhd332a32m	bafyreihrhbh5umbrquv5hthhxhsmqz4t6kxfi6ambhzjvglmytipcomxay
app.bsky.feed.repost/3jxo6zkmkws2e	bafyreiaawxwls6du2gfgh7e4ry63nesw7tyj7lci5q4rkh5lbgsuzeemcq
app.bsky.feed.repost/3jxodisfotq25	bafyreibmi6t35megy23ylvi64pno6a45eonaef73e4mxp4juwpsaxnug2u
app.bsky.feed.repost/3jxog454th72r	bafyreiecqixtzyfxvscbtwtxtnhjy2gxkupgb5m3sjsuktsyrkvjgmb2um
app.bsky.feed.repost/3jxoor2dxzr2a	bafyreifgsaej6hhgpaunxzu6esai5klvkncqjq5ckmuee4z4oth4drtlam
app.bsky.feed.repost/3jxopoqteyp2r	bafyreiacgctdrhgpt45z5e4erxk7rtegxj7yyjo5v5hdq4mv27uxhp77ju
app.bsky.feed.repost/3jxoppjwvva2e	bafyreibih7jrtaibnojqbzabpuwnlhpw4w22lvptcxsuokjgvxo4lqbjey
app.bsky.feed.repost/3jxouc2gbsa2e	bafyreieos6gxmlzi46qfdgxg5smxvpo6ewpmqc4q5m3yklbzkn4t5dbqly
app.bsky.feed.repost/3jxw5krecmy2r	bafyreidpd7iedrqtbhjncs7ur4kt6nt6s4bwkpxnaa3dlfxwrhhwkpqeuy
app.bsky.feed.repost/3jxyubmmu5b2n	bafyreiayl3fpveonpfnbukfsumjha7jwrpezytfnyp2r66fsd6wadphcfq
app.bsky.feed.repost/3jxyw7xgpqe2n	bafyreifhadardm2toubrffuzsfzhw3rwokdnbezrwujm63jwronje4cwwq
app.bsky.feed.repost/3jxyxduyeee2n	bafyreif2n5gqmnxbxpiyf4oqexdf7jawp4qh2r5pxudnquxnje75act6ou
app.bsky.feed.repost/3jxyzugvqhg2e	bafyreihtsmb4ojs35yd52fx2xz7gyflitgndirzxymu5pjqgya4bdy3nba
app.bsky.feed.repost/3jy2oxou3642h	bafyreibgvl7uildiuha5jcbtjla6bocg6bodvuvfdpiofneyahraa5rbri
app.bsky.feed.repost/3jy2oymj3cj25	bafyreibn22raua6t2irgmomdxwhbkd3atf24czrj7niioyfwvlxfv6ciqm
app.bsky.feed.repost/3jy2tsx6vef2e	bafyreicoeewihik24r7xnoihmjyigbjh7uwbupya76la2qnb2uqcn7veii
app.bsky.feed.repost/3jy2wnm5cjh2p	bafyreifhlund6msdh7aeykfepswbbujkakiovuhczwtgq6luu6krokxxgy
app.bsky.feed.repost/3jy32xdjcui2n	bafyreibior234vwp2qjgnjvm5hzaamezuh4vsfjuacmsjlmcepxltc6fza
app.bsky.feed.repost/3jy345l5ns72p	bafyreidec4o3pevi53jjdiwzgyzjk3tc4r6uqxgczbgganyvg7yxlrxare
app.bsky.feed.repost/3jy3ct53yq72l	bafyreihnzgfgspzh3wywt2nu5xk5uxnjl5hucpzhnc637voyqosiitsdf4
app.bsky.feed.repost/3jy46c2xli42o	bafyreigv5rv23gidvo3sjri23f7abnpbytjf6f6zakmyvcjlcajv2g7fqu
app.bsky.feed.repost/3jy46f3vzsd2r	bafyreiaqjttr3colnlas4ml5n3eq3mi7wbnumnwjk6tiu5dtkrvap2bupq
app.bsky.feed.repost/3jy7rllkox32y	bafyreihvr3ql3pver5smii6lkof3clqhhpmvxgmzurlxiauevtamwlymia
app.bsky.feed.repost/3jya3w4sya72y	bafyreif5xmk2hkpiar3a7uy4e35kkw3egtaqtag5bckbtrgvqe5el4ykjq
app.bsky.feed.repost/3jyadhrvstw25	bafyreidh7iiep6l6xgtvw6mmj73slggugm2s32ki6nxag675tlnc5lorei
app.bsky.feed.repost/3jyaefsh3me2z	bafyreifjnwztvqtqkrizurfga5seh2tapxdc3gllcllhq6lfh6cz4sekfu
app.bsky.feed.repost/3jycpuittcs2x	bafyreiblq5lzgyz5dxq426jl4ssrpspo7xzbeudnswc3n6gggwxkdy52ne
app.bsky.feed.repost/3jycrryhbfj2s	bafyreidcjegy4gsvqokohzecqn5b6y3wrlygo2kcd2sniub3w3ifl5bnky
app.bsky.feed.repost/3jycz3xt7pc2w	bafyreib3ucfknwh7bsglxakdokfbfvx6i7p6wi6fe3cjkxu5yls4rkn5qu
app.bsky.feed.repost/3jyd3tfv3mp27	bafyreiawjj5xf5gyclypn62oxnxqw4nri3t4xlghu3k5kyflgqdypi34t4
app.bsky.feed.repost/3jyewx5b4am2x	bafyreibdqoilprb6dnczxkdrqay35f33tzngw3wvhdti4e3jqtg73obop4
app.bsky.feed.repost/3jyewxrg5tt2s	bafyreicdzwuldgp55hnt63zcjj6qisv47jubg3xfirq65le2tphjb543mu
app.bsky.feed.repost/3jyk74xf4mj2u	bafyreigqkelvgo5eiaq5dhhpqbg7xjsuznu7xkta662px67vzhwkwis2wu
app.bsky.feed.repost/3jyk75dqb4v27	bafyreid6wywuaymayhhlmnhq5gkvqacfxj36ghwqunsucg3jxi554fwhyi
app.bsky.feed.repost/3jyk762f6fw2h	bafyreif4l4hpuqaw6edgnnndqbejnrdchbonuo3mtlqu3oyoemo5syttfq
app.bsky.feed.repost/3jymku3qyg52q	bafyreiesvyzv2gg7q6iku3hprhhyw72a47yvj566zk52hq3vz2fpq3rj7y
app.bsky.feed.repost/3jymmurstp427	bafyreiblwgma2kdamai5tj5xzkvedb2pwje37hunmtntu4vw5bs5aoxhvm
app.bsky.feed.repost/3jymoyrqoyn2u	bafyreia5kfjcpx7v22dbzkc3hmr2fiirjuiv54cwmfeo7z5fg44c2n7mve
app.bsky.feed.repost/3jypijfe3vx2s	bafyreign5q2ndnj6onasldr54xot4s3c4ajbbgk22iqbl5kbncy3ebgcoq
app.bsky.feed.repost/3jypijlnl5s2q	bafyreic4ioxoib5sbfggcaeol22i6gse7zydjjvhqxqfgqdenzp253ox5e
app.bsky.feed.repost/3jyqakwe7r62z	bafyreiefnidv3kg5nloav4ytng5c5xobnclkkx5rbtsjgehocbwax4m7s4
app.bsky.feed.repost/3jyqbpkqgcy2l	bafyreifthbafdz7o3hdfdy4we4ey2hyxouentgmaaudg6msd2cv4mfilce
app.bsky.feed.repost/3jyu27jtnnn2f	bafyreigkdq35dlulzkfwbiuzip4lye3dy6tbje4guvylpq3sg73kzaofte
app.bsky.feed.repost/3jyu6mp4puq2h	bafyreihh5gxm42ee4ukmiva2fi6ip4tfbtvpiddectuwhjmcmr3ow5i7ce
app.bsky.feed.repost/3jyu6n3jwsu25	bafyreifzo6etnex33oic4movhmlie2m53ymyar3yyedusxryo53zqredkm
app.bsky.feed.repost/3jyuhr4mi4x2m	bafyreig7xfjif4alfob2jz3wd2p5eajmcschl3iedawjysnztztetiukm4
app.bsky.feed.repost/3jyuhrd2so32k	bafyreiga4wndyxpqcagiwatsxmxfpwsigt7ansrqjlf7nctohqughyl2vi
app.bsky.feed.repost/3jyuhrmghjt2g	bafyreiavvacohk2izvd7kw5fwsirj2zj42evd2oue2d6gqsgwuopu3ttsi
app.bsky.feed.repost/3jz2adgmf2q25	bafyreifn33hpccttwxgv45474wijvv2viqu2o2fojobs7l4ugehdjwe52e
app.bsky.feed.repost/3jz2adtut3w24	bafyreifvptfxnkkf2vzgckzl5rs572ri6udojzlm5dhgqbt6ostww3okyy
app.bsky.feed.repost/3jz2aebsmpo2b	bafyreiasza2dbtbixicvnltnjvfkyg5hg7kge6jnh2n6krygqtkaazfbrm
app.bsky.feed.repost/3jz3nf5ewyt2j	bafyreicrqlefxegm7y6zjkcnbawtcl463htffgt64onc3xj2arob5laszq
app.bsky.feed.repost/3jz3nf6jqqw2m	bafyreidn4bm65x3fxzyhcxqo35fpwcsq6t7lz5fyj6anza53ws3gnhvuba
app.bsky.feed.repost/3jzb2lxkgo32f	bafyreidtom4viz6azx3cx2rbm5ip2xowqamrtzqmxb7opvz5kfguxt2bj4
app.bsky.feed.repost/3jzb2z5a6io2t	bafyreie5rkj74pd5dyq73o7xbnr4efamuvsz7fiw4hqucnld3d7uwzfvm4
app.bsky.feed.repost/3jzb2zb3htv2u	bafyreiarut5tlpwgqxo35fn5k4lmkuedquqaah2ohka3yptcpven5t3kgm
app.bsky.feed.repost/3jzdnyoadmc2y	bafyreidrwhz3ocswavt3b5rjo6j67z5b2fasirhjkv5iyscwz2ob6nfgpy
app.bsky.feed.repost/3jzdnyqfu7f2z	bafyreicym52stlkyhoscd63muikudmhwccdtwcsini4kvdju736t6tdsmq
app.bsky.feed.repost/3jzdnysqmrx2f	bafyreifgksatktgc7wbvbus5o4idocd3nbdpgkdym6oogmntpldcjis4ca
app.bsky.feed.repost/3jzehqd4fye22	bafyreiha5mb4mikdsje5jo6h6yhtetfrvumpvdoooem3tpbnto2kbrnnqm
app.bsky.feed.repost/3jzfkcagi6m2b	bafyreidpkeimd2xyrybbkvqgsxplhnslkgb5pyrxp7ddfu2tiqlitr4ude
app.bsky.feed.repost/3jzi5bew2x42t	bafyreih7x3vimql3oqpw6lfg2gtpafk5zibiaop2equ5mehx43qwe5icge
app.bsky.feed.repost/3jziqtwmy5v2a	bafyreigu2g5zzjgchbtdz4aazkyii6pp7sa66o43fs3kzvxhi7eyvuafaa
app.bsky.feed.repost/3jzjck66tui26	bafyreihyvnogv7n3uwykzuaegfv4snkxhvz5muw4nq2fgws3ytpc37wdo4
app.bsky.feed.repost/3jzktmhuism2u	bafyreibzypoh3ppj4lozylf4kkguhz7wtw5zvs7axwqsmnm4ebe5ewylmy
app.bsky.feed.repost/3jzktmovkxr22	bafyreiam63rb6jigzvdfxrsciygxeqz4wtawn7r4myey6ouvye5c5sugru
app.bsky.feed.repost/3jzl7yaxkh32r	bafyreibwvz6q2xjkx64fe6opblktdjz34g5ai7fwfgqlig4l7rw7pc3lwu
app.bsky.feed.repost/3jzlnoft6os25	bafyreidgb4d4zwuu56npt72nd52ccgd2vjcenlnuww6sxub4rzlflmqpry
app.bsky.feed.repost/3jzlp2gaz3e2u	bafyreif4fom3ixgiepxxxyrawimozvrcuefdgjgnlojen3wtl7xtsggtie
app.bsky.feed.repost/3jzm2vebvt72y	bafyreigwhj5pfdizrfw7qfkh5ryeg7zjcou4jtmoh67ehb4gvvgamykjvy
app.bsky.feed.repost/3jzm2vl2dmh22	bafyreihd3ntqclkjkocnscxamlwtxbsgvwcpnrp6wmb6swuaghco5y6f2a
app.bsky.feed.repost/3jzngg22el32o	bafyreidehbeyzl3mnotcwygpucenhanzlz3rsgcmxu5jvxks7j7bf3snjq
app.bsky.feed.repost/3jznggcnr322l	bafyreicpckiefspa4i3eh7k6fsv4bgzef7wimabdqnxkrnb7ds2iao35mi
app.bsky.feed.repost/3jzpldus4vo27	bafyreiei7d2cjstcbgy5lgzclfz3ofza7qjifpt2hbrwmq64gbtsikgbiu
app.bsky.feed.repost/3jzpleomp3r2w	bafyreibkazw7heqd4ckjthqnwfr3znkhmbxm4552azgce2rmuug3cstmkq
app.bsky.feed.repost/3jzples5hih2m	bafyreibqb4i5i7bm4wyhrfetuccmbsjopzki3rvl5ekw3fa2achhr4auy4
app.bsky.feed.repost/3jzs7r7ci4k26	bafyreicxe2b7oec6eev4r74n5pf7gcruzi766uwiau3ychcqoo3y7tjjuu
app.bsky.feed.repost/3jzsjrn5gpt26	bafyreicafe3ayw6biz7wyaowuksmyw7uwb7xn63tasrbns5tvqvy2zhywm
app.bsky.feed.repost/3jzsjrtqchr2v	bafyreicrsq6ahlx7edgqmtnvi2z4d5ze2awbzgu3wnckxgv53ovhljua4q
app.bsky.feed.repost/3jzupjf2c3j2z	bafyreidlywaamzcuq432e2kkqpmnoecy7mautdrannmtvloguy4nox3t2i
app.bsky.feed.repost/3jzvrjyq3hp2k	bafyreiawdriiwiatpg2wsulzuz55a3kcm2wsvqpshvqk7qgsjkhmwzcv5i
app.bsky.feed.repost/3jzvrkhezay2e	bafyreihtiduwpuzfdozobqi6vxcwk4iv2qlowphwetzuoswj5tko3d5vxy
app.bsky.feed.repost/3k2q77zrteq2i	bafyreieyod7wo4gmgewoyqt3fgnplklm4ocwtwwvqoemfralzckifkeisq
app.bsky.feed.repost/3k2q7a4zuzv24	bafyreih5azynkryfapuiu7cplqblsauvebcam736gmt42promfmb7mhx2q
app.bsky.feed.repost/3k2q7al3sn22c	bafyreiexb6y2esjg2gmxvdku6yg4dhbgurzlszkxo3sdgeaivla5vwi56q
app.bsky.feed.repost/3k2xsin63qo2q	bafyreif3uwrtxpkxo7wlrdbcqavh7q3apu45scczwuofm5nagi6tnfuplq
app.bsky.feed.repost/3k2xsiw4ftm2w	bafyreib5uz67vcjxkvrrp4cjvpisx2c5q6exjoz2fblbephrhqf6dxtcpi
app.bsky.feed.repost/3k2xsk7ed5w2q	bafyreiacg5c3bq4wfi4v2qiiva2wyabjb5ndvu52iykr7e3anyp7veepeu
app.bsky.feed.repost/3k2xsldhwqx2x	bafyreig5vtbutj3csswecxm5mwtyevupudmcfnbpiwbbev6a62mjujy2be
app.bsky.feed.repost/3k2xslji6yo2q	bafyreihzzq543dbeoqiztkvrzn3iv5v6234a2dhr2diendw6z7f3z3zrle
app.bsky.feed.repost/3k32y6laq522k	bafyreigkda556ipt5mibyt65tr6lebgkhcowjlzx2r5evj42kxupwi7g2a
app.bsky.feed.repost/3k3a2hzjk632n	bafyreibnwgfe64vvuynvhs2dvsdlvqgb2p422vosymuedybqmchwqyf2ma
app.bsky.feed.repost/3k3eipnnmod2a	bafyreiawdvl5hval6vhhcvivi7jyt3otdmnmroyytxdbvtk3v5gdnkjvem
app.bsky.feed.repost/3k3ejldamws2y	bafyreibfj6ijgwz65k7s4wqe3wyqzgmlua2q53ubgw5uouw624rxqg2e4a
app.bsky.feed.repost/3k3eke3g3me2h	bafyreiaqj5dqujeuuxop5ifyjchgxctc2zgj5map7fwl3edv45nm42spgi
app.bsky.feed.repost/3k3fkwi75ys2i	bafyreictcgys5a7hmqgk7oz4anyvs6d2kya5rrb56ziwawqbr2g6z5bxge
app.bsky.feed.repost/3k3fkx3mzgi2u	bafyreid35hawsltisapwvhv5onhzi2raguvg3oychc3uvr27ip6ep6bo5u
app.bsky.feed.repost/3k3fkx6t6x42l	bafyreif53yu66id7ywfpveo52uqjs43n5whts7mk3fstxhcubowgxudeqm
app.bsky.feed.repost/3k3juzuqzey2k	bafyreibhlfj6c3ywusbkw6h2yragtczlydofe5i5kraafhzj67mwrjkohi
app.bsky.feed.repost/3k3jv2lmjli2m	bafyreidsvsjlcpwy43vunadlpsiidi3mfhi5crvzk4o5fdvfphogatwvzq
app.bsky.feed.repost/3k3jv324m7j2u	bafyreibuezkak4r773qazzfy6oiqltx6okicsgshiavxtpgx5psjr6ne2a
app.bsky.feed.repost/3k3jv36yhhy2m	bafyreic5ysnfjxm6qkbvtn43qnu7ykf6yryl637nh6mpgdinjd36gzmrmu
app.bsky.feed.repost/3k3jv3n6nnq2m	bafyreidl3baeyzp7nkj63s74k3jt7czi2dfdg2xhldkbsossprusu2r2na
app.bsky.feed.repost/3k3jv4naxij2u	bafyreiflhguwqcepndppzyk2ij62hxjnf5bdqpplfcpjdaobac2yzrdcii
app.bsky.feed.repost/3k3jv4vjdfv2w	bafyreid7rb24kswuqspuire2vviu6tvkykhr4r7252rkgxddxefqqhbuyy
app.bsky.feed.repost/3k3ullte4f523	bafyreigd2dh3b7xt3tzjutf2bv3xzrb4in2tus7xbhizlssblvnft4dvpi
app.bsky.feed.repost/3k3upf5b6mo23	bafyreiasex5jho36v2yrj5bjs4ianhd7jfqcez7qvchvp65vxcfyhjlpjq
app.bsky.feed.repost/3k3ws2djaft2u	bafyreielkt7n6v3rfhrcv5aoqspgubeo4iwfx4tz6imxxoifbhb3exvhdy
app.bsky.feed.repost/3k3z46je2l524	bafyreihuyzrvnc36juyritt53u5owzwhfz2etqy37fzqazoxci2uq5kw6a
app.bsky.feed.repost/3k3z47ah4tr2r	bafyreidpx5tvxbugpyyauhsdag6edrj5wyhum7jnc5d5v5i4rv7tzibn6e
app.bsky.feed.repost/3k4fkpsmscq2o	bafyreigt5dpeqjsufkbhro45haetryixe2uiyqeup7r3yfoxm5oqfvfi4a
app.bsky.feed.repost/3k4fkqx6q652i	bafyreifl4d3wwjbwv6kz5h6hzgdmofc4en43zf2fjwb6c7t2wwn62f772u
app.bsky.feed.repost/3k4flmqsfu52k	bafyreifr5ikdtogoi26dqnde75r2muscaqxqeq5bpo5td4txlmdyzb4e5m
app.bsky.feed.repost/3k4hjjqohlc2x	bafyreiack7vl5ghifagzj4ks24hbjdv2lhbglkyj27rfxa6vqannphp4he
app.bsky.feed.repost/3k4hwxzboig2g	bafyreicucqpgcyztvtkyvu2kbhpjmqn3e34j4ockrmeai7yrzmujoetvc4
app.bsky.feed.repost/3k56c6qdhcq2c	bafyreih25vqzanvfztssipe27igrggzizmbtv7gtqd23lwxsyamyhxeqca
app.bsky.feed.repost/3k573vechxm2q	bafyreifiiyojs7r2pgybb6ne372nkvjcfpcunb2j5dxw52ove263ayp2h4
app.bsky.feed.repost/3k5b5gr3ysn2k	bafyreihja245byisph6ha4xqncasexs5d4h4kjrmvr4myk7ha2bs56cpau
app.bsky.feed.repost/3k5b7oaq54j2p	bafyreig5mosbl7cdiibubj7wztxzy3boqxuyiztzddvlsaqjxjp6vd44ly
app.bsky.feed.repost/3k5berlfqti27	bafyreifqhxbf7i4w7acbwqlvfk43ojfpy3ntcjhmmqcoeeitj2tq7ps42e
app.bsky.feed.repost/3k5izeii4uv2f	bafyreibujz5ct5ptyv3djeq6l5deo7dz34azm76ckzosalgtefyzt6t64y
app.bsky.feed.repost/3k5na5i6xxb2g	bafyreigzjh6uzeyratgvycpxtjbrg5f7bbn2bdkbzu6j3czbnabmavjdsq
app.bsky.feed.repost/3k5pthx3pxj23	bafyreihuhswpocebrmlsdidh53bsh4qrerqogqzmbypxb7h3essivcwule
app.bsky.feed.repost/3k5pubtf2sd2n	bafyreif64siocvvtaege2cwatv4q76knzedjkhacvct67a3j3wm6qvurym
app.bsky.feed.repost/3k653lbucjk2b	bafyreidyog23axlum4b4mp4dbwmdwae4aluariirwume7i6mjz43o67p7q
app.bsky.feed.repost/3k752762j3m2n	bafyreihfbqelbwh3gk2drnswgyjp363ykrd6zcnjlmv6awvgdvah7hbj7q
app.bsky.feed.repost/3k77ksf7kbc2m	bafyreiecib37u4z67bwkzwd5xi6lgaghy3rm5thd5cntzckww5ersubqe4
app.bsky.feed.repost/3k77ta73vuz2s	bafyreicghqzoxka364hfpzvsqo67vzyj6eoi6rgt3jb5qpemufzmg2kwum
app.bsky.feed.repost/3k77taes6x22g	bafyreiduzvatph3doyh2nei4azvweyto5mu6rbgvclf6ywwznloq5azagq
app.bsky.feed.repost/3k7a6wgbxon2l	bafyreigevov2qzkduiu4hryjwsnomiioio3s7yfyhd6adrexvwvqcllede
app.bsky.feed.repost/3k7cirivsy42o	bafyreigdthnjhxozcnz3ykl7zwyepyq3zcwzvpqbevlcnb4enxvx46tqze
app.bsky.feed.repost/3k7citktuef2g	bafyreihk4fweewt6ds3mlqqrccn2dgjtryyyaeyf4jfaeohmbvc5vpcram
app.bsky.feed.repost/3k7ip5wyg6o2s	bafyreiflx4uknibh73qyk7hnrcanofyfj4s5am4kcoylfriizfdtqdajee
app.bsky.feed.repost/3k7r753kvst2s	bafyreicwrvbvytw4u3tgk4wuwpfyp2u4hw5r3z5yyliktxkj2psjp3upyu
app.bsky.feed.repost/3k7r755t4ec2i	bafyreicrthjiocmpbarmxrsc542gj4dtyrulqpeae2jhggrcfgviju24wy
app.bsky.feed.repost/3k7r75ipdw32s	bafyreid7bm2wunhacnxmr3b7oaxkyla3nwykvdi3ibiuuxfnv4haqc3kja
app.bsky.feed.repost/3k7w7cfpsun25	bafyreie5neznibpgbhr6jt63ld6awo5t4n3tpa7qs647ifhxinwlpp2o6a
app.bsky.feed.repost/3kadiqg6ys72h	bafyreiandw5srswdwu5jpox5k2pq5lzemflhg4fly76gsdmm7ecyqkhq3e
app.bsky.feed.repost/3kakf4oywot2m	bafyreidup3gfdbhrc657wrnyirbufwy5ubedqrs465y772mhff4wul2nny
app.bsky.feed.repost/3kasisqkcr52y	bafyreiacmuam2amaealws362woetnaylbwcqw77gtv2w2hos4blrzzibya
app.bsky.feed.repost/3kasitktgmg2y	bafyreiho3zhbsnwmbanw5i5g3ggc4vxp56lxeb5bnvz6hyzkxyoii4mzte
app.bsky.feed.repost/3kauji46h7s2p	bafyreic7bhrbfi7vap43w2kufn4uosnszsqcnagemwrnzmtnnsxhboplky
app.bsky.feed.repost/3kavffqss6s26	bafyreih5creklb4kw7a7qh6plwvwxwvli7hj4au7bugxpjtryjolslfnyi
app.bsky.feed.repost/3kaxfrwqtan2x	bafyreibi4jovnomum3jmdlqqga7jfjsknhljmy3tnf7i2lrsuotmdjg4bu
app.bsky.feed.repost/3kaxhcmxup72z	bafyreiawubtvxw7xx4esy4ozufnvln63ajrxivomxco4m64tn3lv4t2wfy
app.bsky.feed.repost/3kaxhcu4hf42p	bafyreih4dxvnyuzuhjh3caa4pzufwa5kn2oqqfbd5o6vrqkd7cowyxztyu
app.bsky.feed.repost/3kaxij5k5wf2d	bafyreihuvuop62vs3ne7ja5t4c5zugxdhnh4pnje32igztcqf3m2izx334
app.bsky.feed.repost/3kaxijxtcba2a	bafyreiet7zcvrtcehkgstn66md5xrsso7rcpmi7373id5fslmg5qtudsue
app.bsky.feed.repost/3kazgel3apn2p	bafyreifo3qbbek7v7dxitvvp7kt2px3mzt7uvws4at74cdfn5ddm6fhgji
app.bsky.feed.repost/3kbm3tk5prr2h	bafyreib32lkwwdu5jhb5xxg5u4qiojnxg6s4oxohouj7wzs25xfmoucmkq
app.bsky.feed.repost/3kc2gduh4tf2u	bafyreiccbuzwc5fy35cy46qpu45l5aud62ckm36lnxjwgzfn27eyrkxkyi
app.bsky.feed.repost/3kc4up2z2v62w	bafyreie7o6tnq33aunsxa6bvd4352unj7oqdtb67puyjny3ntvkbmlfwj4
app.bsky.feed.repost/3kc4upehimm2w	bafyreicxfqt5rmhlnutg3udlvbujpacasg5kf6mg5mqfpjyknmeuyqwst4
app.bsky.feed.repost/3kdclil3ajp23	bafyreidio5pdryps4e6w6amrvsty23vgffutqjum7gfzi3w6hpdkad3cza
app.bsky.feed.repost/3kdmzqzf7zy2f	bafyreifh77jpxjqwuqzusjlgd66btzvtxpjzilm3k6hkl2pdjsoo6tucby
app.bsky.feed.repost/3kdrbupiabw2e	bafyreiebe33tn6bffegl7i6dsvtyig6pq2j56qpakei7a6ctuge6spot5y
app.bsky.feed.repost/3kdrlxjdgc225	bafyreigcigxt4tyzptvpwntccnaxrbkflj5po523zrwspiyl4hng6fseey
app.bsky.feed.repost/3kdrovuvrwq2m	bafyreihfgoj46usomkf3lfqd5upvofz2jp6oz7dcbxeguz5ra3vjzuai2m
app.bsky.feed.repost/3kdzhb5ig7c2w	bafyreiagq3bf6kplan2436witys5kr4f32notffc6jgtjpc6evzsyhw26m
app.bsky.feed.repost/3ke2b7j6di32t	bafyreie5jjmq6ntwwo4tqrcyuczlxeiberfwmrp2jplnvlmq253p45yynq
app.bsky.feed.repost/3ked3tqeydc26	bafyreicqxw4tx6qlp4eutovrcm2z2zqzvrcflcywttd2emzbkkqhivti44
app.bsky.feed.repost/3kedo4m3m4k2g	bafyreihwnr7d33gztemii36pqjuqf2dswwb53rf5k5n5brmr7q2po5k2jq
app.bsky.feed.repost/3kfgkug7joj27	bafyreiebxrrujg3i5edhpjf4vpr4cwxkcxx7t7gku6gyj7y4je25ruedzq
app.bsky.feed.repost/3kfj55gok3y2p	bafyreihgc6vjckcnlkounven5dolfzsh6aeffjqcqsh7scqi2fvypqhfyi
app.bsky.feed.repost/3kghpstulkh27	bafyreiafa7fdvmbqrs62m54qumvagp6rnbovt2jdzmm423lk7wklxl5a3q
app.bsky.feed.repost/3kghpsyihyv2g	bafyreihwkehh5bdrl3pc6ss3f24xprwo3f47yhaqjpagqhtukjqm7h2fge
app.bsky.feed.repost/3kghptoc56j2v	bafyreie556r7wfxpdarv6qo5malvvcmuoeu3icprokg6f5nv75xkwzviai
app.bsky.feed.repost/3kgovupaqxn2u	bafyreidkdoujv6wabezuulk6j64tjaflpd5goqfh7ambg3gdhwnz4p4lgi
app.bsky.feed.repost/3kh3qi43sxn2j	bafyreidzqcnlj23apm7wnbe7hiuw23gcspwfasv765ox3lqdyeluouueku
app.bsky.feed.repost/3kh3qjg7c432u	bafyreiasnync5gj34zxo3kssejox6bzlzkeh2j5ypynirn25uk3wt4m7oy
app.bsky.feed.repost/3kh4idr4hqx2p	bafyreiclnqzlnxjfd7ohyq4zzvw3j3lynyq6himdniusm4idc46rhhtku4
app.bsky.feed.repost/3kh5sepkpw32s	bafyreiaxtv3jfihp4kermjem5skxsqwlszz45ifvycvmroaouts676p7pe
app.bsky.feed.repost/3khakjosgv32h	bafyreigkenjeazajtk3i6xwfkhrre2eafa3blnkxo4qqqjd2dvwujr64ja
app.bsky.feed.repost/3khakkmhtqo2n	bafyreibce3vrjc3mvwhbpkpjtchocnnub77pol6kyminzda4opcbr6piv4
app.bsky.feed.repost/3khakliwbju26	bafyreidp7iulcbxa33wj3jqumyncin46pyqlsnxkoaxwotytcpjfmfrqrm
app.bsky.feed.repost/3khaltznxu32s	bafyreieukbowdurpondjswfipguzqkycmpxumjf7nprrv6sca6zacwbdgm
app.bsky.feed.repost/3kinixj4dsb2n	bafyreic5fbmaroigwoytuoco6zy2zc2omn4zlewo4g4htgeoxmg274setm
app.bsky.feed.repost/3kiqjg22gcl2s	bafyreigvu7yh4lknju3pg3gy3e3n3hxbqbuzihcws5qwhflbiiowpa2z2i
app.bsky.feed.repost/3kiqjgst7h22h	bafyreigyk3g5ncphvz3bz433swqe5sype2c23u2t5u6yramhikveybrnfa
app.bsky.feed.repost/3kj4fz5b35u26	bafyreiec55lpykry3jte6kyd3injg3pk5gfzyset2k5go6c4r3hht6z37e
app.bsky.feed.repost/3kj4g4oum4k22	bafyreibapy4urfki32wfmbbit5oxbadp225get7gms4rsaukhtqrhdimga
app.bsky.feed.repost/3kj4lii6o332g	bafyreibdkwchnmydnz2k23cr4azgskpdoygoionqkd7qj5wqjajzo4ruqa
app.bsky.feed.repost/3kj4liyhnx426	bafyreiaqw6ytg3vup6cq34yeigrd54lnj5rpag3j6rlbniupcnycpg4tzu
app.bsky.feed.repost/3kj4lpmpqn42z	bafyreibtcwzzxd5gq5ejhklfqpijmvmgbpi6tna7ws6ykjdquvdeaqyyxq
app.bsky.feed.repost/3kj4m7tpfwt2g	bafyreicagdrmwt2rslpfqpgm3njjv56v2usj45tjtveej2ioqktswxkixi
app.bsky.feed.repost/3kjep32e7ba2n	bafyreidin5kvdgakc4yt4l5rivvylzup2fgdrdofvmb2hl2ud7vbr44wjq
app.bsky.feed.repost/3kjr6pfim4c2u	bafyreifuogq3eokn5krryt55npyhvik4um4qppibv5o2gr4xy7q47lkylq
app.bsky.feed.repost/3kjx3qvzrkr25	bafyreifrnz3tsct5nhgf4u24slukjh3ilhzqcfwhqff3hd65e236cxzgsm
app.bsky.feed.repost/3kk6fswmkhe23	bafyreic22f3zy3gqkjsldw5vabct7yoo2xebaz4pxejwbbpr6dssupj7wu
app.bsky.feed.repost/3kk7vupiuus2r	bafyreib43mgoaxfteemx2wo2itchasdo3ptwtivpka2f4jc5ognjjqgf5u
app.bsky.feed.repost/3kkcf6pruko2j	bafyreigmyfhd64yb35oa2w2j65yrqr3x5cs6j3lwzmwa7obp6qv6gnyojm
app.bsky.feed.repost/3kkmpa2dpqd2e	bafyreiah3n4izbo2pyadb3cjrrtjyojizkp5kxupxwb6xmigfqqwc2unea
app.bsky.feed.repost/3kkqyjcc2ms2x	bafyreidkgzvk63cfmsmusxtu67nvcmjemmb44fs47wsebxnz2ulrzpq2gu
app.bsky.feed.repost/3kkqyndh3hl2e	bafyreia7vklatuywsz4wnifojiyj7g6dhsf2hrfcenwzejoz77lhzt63je
app.bsky.feed.repost/3kkrhc2p2wc2v	bafyreidpznrwu6or7yeeuomydmhvl322fvzwygwzifvzbtdf3g42h6ze2m
app.bsky.feed.repost/3kkrhhdectc26	bafyreiaxmizmisssf2tolxrcysjecc3u7kiichokyh22hil3pvb37iujby
app.bsky.feed.repost/3kkrhhwxeay2g	bafyreiefr3xzv3tiu2bmdknqgcb2iw5x2jfb4guxtjsoyaawbtyywgdvge
app.bsky.feed.repost/3kkrlp3vbnx2w	bafyreifvyehmuu6anezh5dfkfzxq7gswtywcv7w7cclldjieu67onvyzsq
app.bsky.feed.repost/3kkrmrhyas42x	bafyreigiee3pzb3udog6fkh4zqfnk72arv7ivbpqd5sy2lpflpbhjal6ku
app.bsky.feed.repost/3kkrmrmwtxu27	bafyreihhpzm7fqq6ehubnceua6sofdsm5m75pgi33v4heixvn6nnc4uf5u
app.bsky.feed.repost/3kkrpbyubhv2n	bafyreicr4e5nuj3xiokgmv2nzcdf2g24bnguuau25wklrojvhhf6c77kae
app.bsky.feed.repost/3kksbxxuub32m	bafyreia5nfqwjp5cohwwtqicchas5rm5pg5otizdvpx3sabv52k4ja3bmm
app.bsky.feed.repost/3kkscc66zou2e	bafyreiaxw77eriz6n27dh2jtr3owcnyv2p7mf6pvb2ezsi2rrerkt6yqj4
app.bsky.feed.repost/3kkuoa7ipvj2f	bafyreigv6rpnygd3w5sdhygygx3eop5fv4cr6pccavcfhjaispx3th3nty
app.bsky.feed.repost/3kkv3f3pbct2s	bafyreiaxaffmd377xgmhezwwikvewarfzyglr5xtqvrnl6sptqrgjhrgj4
app.bsky.feed.repost/3kkwcls3ave2s	bafyreicfk4oj63bhcjx2deqvmjrihcbe4zxqpnzp6hbpapsocpaplwyupu
app.bsky.feed.repost/3kkwi4bdshh25	bafyreiblbytutupypliytuzjk267zdtxat4npik7pinqnwimixw23m3mdy
app.bsky.feed.repost/3kkza7fsh4v24	bafyreig5u5ttfhvyyncax66enfhqtjtrak3cysdfu3zu4z5nr3vfcarbbe
app.bsky.feed.repost/3kkza7r3wnx2p	bafyreihzp3nzequitphcvrpf553tpjhqhagoalwge5vv4p7bm26jwj6svy
app.bsky.feed.repost/3klkmfmsmbt2h	bafyreifgrvqzipmsj3pxsc7hlmu23hq4ebqtdpx44mudavbs7jq2vvmenm
app.bsky.feed.repost/3klkmghnmkm27	bafyreighqmd7ungru7qzd5eysmaezqryodca35z3ey7omaneeysl732bf4
app.bsky.feed.repost/3kmdwalcfxc27	bafyreifilci7rrxxatxzs7zm2cvj75a6gzpov5ywydpxym27q6yr5eajeu
app.bsky.feed.repost/3kmdwavr43q2b	bafyreiguwd273qiu5u436ifered2ktjatsh6fsobfkyn5p7dbu2rbeliqq
app.bsky.feed.repost/3kmdwb4sguf2e	bafyreic4bsa3ovjdwykgdlgfrjnlsremcrw6b7cpsnuchyxby2t5sdffhu
app.bsky.feed.repost/3kn2okp4otk2h	bafyreibf6457giv3edsm6kthbjio2y35xxbojgfhykq3bae2xmc6lig7y4
app.bsky.feed.repost/3kn2tnle6xk2q	bafyreifegirimhj3nwckdn4xph3nhjnax52wakb7khruqsvjwp7fmsfogu
app.bsky.feed.repost/3kn5ii7rnns2t	bafyreici3pciys2t5xagzwst3xamtxjpjdhx7w5rotntfwzme2scugo6rq
app.bsky.feed.repost/3knaf36fbpt2g	bafyreiduqt7vuj557picuvlwprhvo4pruaqhdoyhlrrx5qhfaxouf2mmp4
app.bsky.feed.repost/3kngsc5f5hj2i	bafyreihcacd5g6hqbjrwlt5k7lf7fqei2kqmygi4knzmcaerrr7skffrsq
app.bsky.feed.repost/3knhd76e3xs2a	bafyreidkypqdnmca32ncdkfijgnryistooavvylaufgzqe3j25umrqqhqu
app.bsky.feed.repost/3knjlhsnzzx2h	bafyreiezdh2hakrkm7ky2lcghobm2uxh3hsfd4net4yi5bjwaf6gmfx6cu
app.bsky.feed.repost/3knm6k47fbc2u	bafyreiatiwb4y4xl62hmfwo5j4qal6vi37gto5lhfii2azk5sbs7nznqe4
app.bsky.feed.repost/3knrbvgxhx22t	bafyreih6fsu7uyyixj26e7fjzsksgn56nehu2mdxcc7hcqwov227eywnp4
app.bsky.feed.repost/3knrjjtqy2c2u	bafyreidml5l27jzy5a2wznofepykasjbot7te3ha2qt3prmy3b4f67z3ge
app.bsky.feed.repost/3ko5d33hnms2i	bafyreicni2aysvsci3ugssnwzy7cjqaarhr3lgjv6vt34joulh7wurgbom
app.bsky.feed.repost/3kpal33o3qk2e	bafyreia5oisd3h6itr6wxy57d5md2nd5dcthjxq4ro2ynkxvbmxane5pne
app.bsky.feed.repost/3kpppqfyc7v2g	bafyreihhpjvghbuij5jam76euxhass72pwojhtdflruxsx45ngn5donunu
app.bsky.feed.repost/3kpxaxlw6gt2l	bafyreihfavf3ol57djktt22z5ejdj4zhal27xr5t7uszscvkdzpvmt4d2y
app.bsky.feed.repost/3kpxb7brwqg22	bafyreihhmwqlube3sns3ldpy5hzwmpzij2fxhcwa5dij4aarfo4ewpx524
app.bsky.feed.repost/3kqgw35pzis2d	bafyreiffn6j2rqdsottjfoo2b6ais4i65rys5rwazyrc5aimny4irrdbxm
app.bsky.feed.repost/3kqiu5bewr22s	bafyreifmap6lgwndasmmwncwfpnj3ayjrt2rhdq7vyrbsxu422a5kzmtyu
app.bsky.feed.repost/3kqjr6m4qfc2k	bafyreig7dnvnq5dgjork4zngawpqt7ihcp3ah4zl3duul32c3s5c563ygy
app.bsky.feed.repost/3kqlrva3rkn26	bafyreidovy5hryswdr6qabid6s4tscqtxzgd6lvjvxbemkpybdcrjnonai
app.bsky.feed.repost/3kqsuucxgkg2k	bafyreigw6q2qglkcdniefysgzsqhvxpuzm4wngdlicr47ftwiszaak5g7i
app.bsky.feed.repost/3kqsw7jgcvl2n	bafyreihyshwf2hkbkuiekvfobxscquuzewh2ojy4t3l4wkzrb4dsoiffk4
app.bsky.feed.repost/3kqvjmejhky26	bafyreigmtvlwsy7gsnpclua6r6fhn22swgsb6wqpcdvhelkd3wix5fxw54
app.bsky.feed.repost/3kqvkvavfya2o	bafyreifvijq7zxv6pktq6n6n3cvnklimals4magrvbpznc7jfhobia2uqm
app.bsky.feed.repost/3kqvl77ou3d2t	bafyreigk4hq35zt2ffxufx3pwrc2n5grv5rl6mxrfqece2g4xdbgacn7ni
app.bsky.feed.repost/3kqvp7suqig2k	bafyreih5v4t5t4ovsqngk4zdemmtvdovt4teatpivbm73yqe4266skyir4
app.bsky.feed.repost/3kqvp7zpgee2l	bafyreiae5kpub7kidfyox6ehgimud3544ibgafy3gdf56z5nzygzsuria4
app.bsky.feed.repost/3kqvz7pwmee2l	bafyreics33xx77xnlfto5zpr6b7pwxtuhn4rosqexc5jlhknwfbksdyeou
app.bsky.feed.repost/3kqvza2rhyt26	bafyreida4gb5qhpjuhtstcuwo476blvn7scf2kz2oxdwro4meqixpjle7a
app.bsky.feed.repost/3kr2i4s2esh2u	bafyreiaptjj4caasg6y7ldn65q5tpjlm35wpnmudcbty7lwewg22ry5rwu
app.bsky.feed.repost/3kreo2uyrjc2m	bafyreigpa2xmgqduk7bbi47xtq6ishdlbjwx2xi3lgswfahlsy6apukpwu
app.bsky.feed.repost/3ksmpztzfkr2w	bafyreidtvaoi62gqp4ovw46ehzkik555cmm4kaoszryzqzo2h7bftuiw6e
app.bsky.feed.repost/3kt4e5mhllo27	bafyreifgz75pg6qnml27hviews6qbauacf7vw3opxhq6tey6q3nokd37ye
app.bsky.feed.repost/3kt4ea5ucrr2o	bafyreihkbzztcuhe7zoma6zlw4poanwopfewyfw4h5yd4nsuq2ie4d254m
app.bsky.feed.repost/3kt4eahowkf26	bafyreicb2sjk6tnnu2ci6qqcv5teqvflyagohusts4wsbp5ybow2xcucxy
app.bsky.feed.repost/3kt4eaxuf3z2t	bafyreiczyjhzdc7aoyzyvzayck3srjmtelv6pojzomlwu4f4k6bb7rqjcm
app.bsky.feed.repost/3kt4eb5y4fj2f	bafyreiarzkbmqv5c7xpynwehw6uajwe2izeixssgp3gt327wnjzhu6bxx4
app.bsky.feed.repost/3kt6dcn4glc2l	bafyreicxir3qr7js2z23k4rzllve7vpj6lilpduoryprooqtf5wre7vpoi
app.bsky.feed.repost/3ktaulvbs7s2q	bafyreif6axlhoo22dsfwtxiwszylyghktkfkogz4pehrijwux6klw35cbi
app.bsky.feed.repost/3ktaulzahwk2m	bafyreifolvwu7d62qvizth5wimbsul5n62wsivqzeyzwykpi5dx7vigvqi
app.bsky.feed.repost/3ktqmgebv4g2x	bafyreievpwsujknmybdlkaw2zntzps2otldgzghyollx733azwwr7vulvi
app.bsky.feed.repost/3kutlrrjhos2y	bafyreifync42ibm22koelwtcyaoxqqbwwrx6mxigcdlaw7hztbds7iuhqu
app.bsky.feed.repost/3kutls3iojs27	bafyreiad64f4o532l7lb3uch4y7lxs57wjpohzb5x6ph57t5sbavvibchi
app.bsky.feed.repost/3kvestoshmr2n	bafyreihm65q5f6ghr233ljbggiynxrbor3sbii25oq6exejfkyb4ced4ga
app.bsky.feed.repost/3kvesuu2h6c27	bafyreifdwmoo7risuvyzd4yk45m2yn4erqpf7ugpc4dz3fdtwtlojyn7mi
app.bsky.feed.repost/3kvesva6svs2p	bafyreiaqptltk5tzhjfttdt77vjm6hrswcasjmj7kppvt7iwnrozisqir4
app.bsky.feed.repost/3kveswcdom32j	bafyreibhzg5vwt73l6rnah4e2njw33pshqdtzychkf34tlvnibf4774ghq
app.bsky.feed.repost/3kvf5oh74m22u	bafyreig5mdxzvt6zwat5j2q4vzpbvk2qvc2hwvbnjgum2d6vxypjbwn3wu
app.bsky.feed.repost/3kvunfq3oef2r	bafyreic6ytfm5z6ooe7cjomp6ri2y6vrx7bzycs6isbzxiypaa4h67wyai
app.bsky.feed.repost/3kvuocslpff2z	bafyreiecyi4f76zldhmatanblqoehrk5daw4enc7nd7k7t55la7fwrf7um
app.bsky.feed.repost/3kxvmd63ugn2a	bafyreiey6yugjmw4aiqpafvaigvzofuoruik5bvikophsosajljqb7uo2m
app.bsky.feed.repost/3kxxpfla6mp2e	bafyreiamzar33tpg52oexk5w4tdmdgxr34ray4nzuykeh7zmluoaxq6kdi
app.bsky.feed.repost/3kyz2xlcya32y	bafyreid4sqs4av4ohlvz2nuo5fkxwlwoqpm37h46pqtbotbncoqhlzvq5i
app.bsky.feed.repost/3kzcv3kvrxr2r	bafyreih3menvccatqfrxcazg4c4l2g4cigtpwnmvzdfqj6mkucx5emt4wu
app.bsky.feed.repost/3kzcv43tls224	bafyreiesn6wzkknhsaoards42e3ztqvshenyqn7mikcev2qp7mljdi6iau
app.bsky.feed.repost/3kzcvapdmss2g	bafyreies74a7vvd6xh4pw5wrethcjnptkyqzzscljyydvelcidxw5ltjwy
app.bsky.feed.repost/3kzcvastivt2o	bafyreiguw475dpdbrydwdyp67uedh4mbomtzfd7kafcckuiu2fbjjwuibe
app.bsky.feed.repost/3kzcvcuddc22x	bafyreiej2xooukcaewsr3uidf4y5w26ph6dic5qb3szwpuid2uiuptaxkq
app.bsky.feed.repost/3kzcz4k2adk24	bafyreifj7btmha6ek373n7mvhonyw3p5e2a5vw76tdvpf7o6ebruw3uqny
app.bsky.feed.repost/3kzkf26szyh2g	bafyreidzmvzbjaxctppyjztp247bujeh7xqyvjhycaqrxosv6w7lgyrjn4
app.bsky.feed.repost/3l2prxtq4nc2j	bafyreidekrayda4i3u7j4ksbu4n6m52t4cgn7hmx7aarcebeaslwllxg2u
app.bsky.feed.repost/3l2v5d7kvpm2w	bafyreihuthfyrq425jl6oij4pdonrtmnttexu3jryh3lml6oa3v5nl52py
app.bsky.feed.repost/3l3efe5otp326	bafyreicpgbbptnkmzb5ooxh7rb5ggv3ivtk6ol7dg3punoqxcrr7mpylgy
app.bsky.feed.repost/3l4bvstagnx24	bafyreib4koym44gai7c42mffanxwhhfngqk5nlxdujncf5lkidxqsfxoie
app.bsky.feed.repost/3l4wlfkh7hs2r	bafyreibww4tr7de3r63j46j4yfc2llcmtky2g6khiml2ltug26bthj2rqe
app.bsky.feed.repost/3l4z5ly7hdi2c	bafyreian2thtujhnpgg4s652py33yitv2f5m6atvdjz7756jnqdj7tikpi
app.bsky.feed.repost/3l5pobaou7f2d	bafyreibwvmh4kvtoom7j26mvrzj36f2fvk4feq2yfv7spudxgxbrx5ebg4
app.bsky.feed.repost/3l5pobhupie27	bafyreihkhw6e4zbcbg3fzvlc3xpzodj5u57v7ssw2l376rbivpl75g2wq4
app.bsky.feed.repost/3l5zg562h5e2x	bafyreiaxsq7bi7a3lqokbojrxxtotcgo4t7a4nmzybudxktl2s2246ssgi
app.bsky.feed.repost/3l5ztzufgwy2s	bafyreieo5mm5626ycqnfafn2ypvbbcrvoyjlm4ayqrk46nyvaemegrpyiy
app.bsky.feed.repost/3l67gxnli3d2s	bafyreibilff3eu7rrogw3aopkajb6fj5lb4xffn3gxkzztcttlohu52ug4
app.bsky.feed.repost/3l6nsnv44mb2z	bafyreih4l5ggnielsa7vksmr7ddy5hrnp2emri6xvoq67deovoxbrbhmfu
app.bsky.feed.repost/3l6nsqrfykv2q	bafyreih7stmi5mzbrapampmleffv62qlxnnlpqkzirf6iowma7tkrlilhe
app.bsky.feed.repost/3l6o2t6txky2s	bafyreifyu4vjyiso556huvdbhikvyndvunjru7s534r6ebb4ix7ihyqsze
app.bsky.feed.repost/3l7o7tfnhzv2m	bafyreihnmdylwvx3ltdfkvbuksbsxgmygrqcfvu4qdqhny7gjl3g5gvgfe
app.bsky.feed.repost/3l7o7vtqews2j	bafyreid3sxiv5z5duilsp6u4ocdgnehmotm65efzfswithyesjcihyiueu
app.bsky.feed.repost/3lb3wfv5epv22	bafyreibpoaenconobaxtoch4vy7qg4g7anapyu2ui7gtje5jzqhral635a
app.bsky.feed.repost/3lb3wislajy22	bafyreibnq56g3yartqz6tajza3e53jsjxa2sinjybg6mxffpayvwe4mdru
app.bsky.feed.repost/3lb3wjy737k26	bafyreicfoqmu2hr5nci2sdoah47q7xjzqkw6vnufqr57ggck2rpcnmn3gq
app.bsky.feed.repost/3lb6cols2i72i	bafyreig27kc5e5mm3hn6zad7rzffwg3wfr2kbutbxmkm2vot6vyemmy4t4
app.bsky.feed.repost/3lb6cotyugt2z	bafyreif5fkmuyzuc25xw4bjfmyfnoreznji5inipbkbdcctqgesukcqlsy
app.bsky.feed.repost/3lbbklvdxc42p	bafyreigso7yd4xz7jxmn26n5y4lpveqvg56yko6zxptr6pfdnw5rugck5u
app.bsky.feed.repost/3lbisavn63v25	bafyreicfmmyhknitvbo4mogi7cf4cdz2kolhdxayzniws6xfleqghfc6tu
app.bsky.feed.repost/3lbisb2syu52l	bafyreiffugiodafru4kf7qzt4zqmxz7pnpm65t3sfchbo5erefbfctlfcu
app.bsky.feed.repost/3lbisb6trpa2e	bafyreibhcyxms3yhz5izdrykgvqpaujv46makjv6wtdawaujz3yvi3asmy
app.bsky.feed.repost/3lbixyxvh2n2p	bafyreidlnfft5qrqy56cktjgedlaimhiqyrou4tyc7rl2gt6xmcrusdmly
app.bsky.feed.repost/3lbixyzlv3u25	bafyreicjwybzaghsbdsb4gar4rxb4vlesl3xiagcvn4nh5erp7u7faex2e
app.bsky.feed.repost/3lbixz37ehb2k	bafyreibu7xphdyagzyf2sn4qh5j4jatz26khe3lepuaxr37yzbhchioxem
app.bsky.feed.repost/3lbku3w5nps2u	bafyreidv52qh2opcswipoby25iqlx47fuuvcgziq7ijawmv2bjllgpydaa
app.bsky.feed.repost/3lbs7qimtdo2c	bafyreiaou4ixkdte5kkwwpnokkczn6meudvmy5lqpfvqczsuv6jl2vir74
app.bsky.feed.repost/3lbs7sdsusv2k	bafyreihai7m3bevwh23szfzp53f7cqsyawplapjuspdrwiwvhj75qdudhe
app.bsky.feed.repost/3lbs7ugh46x27	bafyreihtseqkwyg7lk7mqbq3hzw6m77tkd76n4l7y6m4myfcjrfcqrysfu
app.bsky.feed.repost/3lbssxeqrfc2c	bafyreigdt4fhmgkmfzdscpw6t55lvy6cg5m7py2wuqry43jv57z7f5lrwi
app.bsky.feed.repost/3lchb52km4b2u	bafyreiep23pkyd236fgc7a3h56sx2k5ybqqrkkeqmobjmhqxzc5hmez4te
app.bsky.feed.repost/3lcyzxkgut722	bafyreidi2poieflycoaueeyrgldbkvaqo4qsboa6nyftgdzb6uiylqfppy
app.bsky.feed.repost/3lcyzyrf3q722	bafyreib7nqmyc7uwyy7eut3jqfafdtpdnjlapuaa32tudpyvwbs365xqp4
app.bsky.feed.repost/3lcyzzxhx2d2c	bafyreicdzqxqoetd5zu6ang4lhdwr3edawzw6zy54xvzy35st3ys5mfifm
app.bsky.feed.repost/3ld4optzfse2d	bafyreidx6witixhjl6f4pmhnr46djr6vppqy6bfdvskkaxajokg5w5sq54
app.bsky.feed.repost/3ld5czbjgy62u	bafyreihzwluhqgcoj4nbz4l54lqiiuim7y7qwa5xh34fzhsvfxzevotvbm
app.bsky.feed.repost/3ld5hc7n4yv2d	bafyreihxvwtztioshyif5idiiuhpylbszwkbi4hnjl727c4ipxxaocqhxe
app.bsky.feed.repost/3lh3aapqqep2a	bafyreidzofna7tyxwguurm3f3zrs2lbqvcx6rp7rkkk4fime43fiwm7i7a
app.bsky.feed.repost/3lhc5h2vi4d2a	bafyreibna4sf2yzhzfzp327cl52zx43vegnlnivrs2cciop7ch5qvgp36y
app.bsky.feed.repost/3li3bckid4o2c	bafyreifigbfdstgi3o23o6rlqibgzmixeabqeb63mpnqcwvzm53wstf424
app.bsky.feed.repost/3lifrizy3w72w	bafyreiagguddx7x4beciz6p27kieunbwtruckuksm5w3lc7ewspzihxtmi
app.bsky.feed.repost/3lifrv3xlwk2a	bafyreigv24py4y7qwrtalmup2bosr5zbzeulx7qco3cwfmk53o4wvsblmi
app.bsky.feed.repost/3lifrwiheic2a	bafyreiaww62ly25qw6p7zqyfxvzlhlrhnunhydojqc7me6dmj55iekw43a
app.bsky.feed.repost/3lifxc2hnxb2j	bafyreihfr3ymcjgomjklmzatycqx27ig6h2o3iu3gytzrokavw4od4rtge
app.bsky.feed.repost/3likg2kuslq2c	bafyreigezqufsrizyrzw3qfjxainepbsuqthcc7sxklet5qgigxjuau3pi
app.bsky.feed.repost/3likg2qplll2q	bafyreihxxm2q6zlkjngswjc5sx62kmykf2hjmkgnvddbugpzbuwlm5rxz4
app.bsky.feed.repost/3lin3sovqmx2f	bafyreif2jkfhqfusxmz6prgwyvydxjxyrgwl2k6555s4ctoxbf3hydhrwu
app.bsky.feed.repost/3lipcuv7c2n2d	bafyreigkjppbikw4z7g25v5qezo4t4gpyygiy37bhizf7rdapzkchukuvm
app.bsky.feed.repost/3lixoam6eqa2e	bafyreica47yg7ddrdeuhub5yq6k5zz46q723enrn33ee3ggyqecr7c7e7a
app.bsky.feed.repost/3ljtezq7ecp2p	bafyreif62j2cm3i7ebn3vhnuw6rrqhrp3ef6xutuajsncvehygnrs2thwq
app.bsky.feed.repost/3lk2b5imdho2q	bafyreibkxhrbxitskvsk3ag2y3hjnowy3ppqxsowdasej4bwqxx6np4rka
app.bsky.feed.repost/3lktc2atiwf2s	bafyreihhedd3tnptljwl26uxgxxpqi66zetwlnpkbn5rju5sf3ntfxy37e
app.bsky.feed.repost/3ll7p5lffdh2h	bafyreicszoosq2wourv64re4gzsctgwsgo67tswb7yhsmlpqwfbvijhzwe
app.bsky.feed.repost/3llz5e42d7i2t	bafyreia6ghigcrs7njoprsc7njuvzdo3i3lo4livu6cr644yqzayzkfxpq
app.bsky.feed.repost/3lqtdhfwvdl27	bafyreicbpr5uv2dy2spyotwr7yu4lhmxjl74cnfjr5qenfs6u5bqalj2p4
app.bsky.feed.repost/3lv2eytzrdl2g	bafyreiexks3hhs7csg7cbq3frevrcrl4exgkwxnzy5lyd2lsitust3yjdy
app.bsky.feed.repost/3lz6knesol62h	bafyreietddsiipb654fmcwokmvcj3qdhqohf6ypww4fupoldiraew32zee
app.bsky.feed.repost/3lzju4d65c42i	bafyreigqq3bhxhz7dpts6ic2zp2k55tzagi4as5b7al7ty73syglom7coi
app.bsky.feed.repost/3lzr4e4wyhc24	bafyreiabhvhrdkovb7ika7axlje4maipgpdz3nn2j5fl4noce5ec7cofeu
app.bsky.feed.repost/3m3nsvhngmd2p	bafyreiflzvxkijm7mcuck5v27u3sesjxmuhd5wmyapfsyf7wi5mhapslry
app.bsky.feed.repost/3m5fcf2nbfz2x	bafyreifk6yue4jvaoa2rcrn2xygsqgifkcc4lczdl6rz2geqhkwmsvsq5y
app.bsky.feed.repost/3mcztvextgc2g	bafyreiei6zdtfzpy4wpq3jcrhcmwiqw5fabbm64vblylycvxeyxhngdrbq
app.bsky.feed.repost/3mgay6qnp2g26	bafyreicxykm5rapgcvntapyk6ap6qkxh7b6yyrwp7uvluhasrjopjvneuy
app.bsky.feed.repost/3mhyhgzhvrz2o	bafyreiaabpqzhmlivshnug7oh5addnzrow6oypfdk6gg7w6k7tk6g2yx7i
app.bsky.feed.repost/3mjxyna2dkf2n	bafyreiaoycnahhzgp2s5scowv3znk6ukxa7fc2ubmpb7xcmwv4sxd6yrza
app.bsky.feed.repost/3mnkv7jfgzy2m	bafyreial543hph5kzvcpeszsvu42gu62flif2y74e2zk47ouu4otqhoajm
app.bsky.feed.repost/3modxqof4vx2a	bafyreicdmbhggjpw3cpixjdnhy6s2uxx5sziuwljnkzrmvvertw5ytaktu
app.bsky.feed.repost/3movpzdrk7l2j	bafyreif7d7wltvnpc53ibx6sq363npzfrswcuxmw34nqync4qwuym66wdm
app.bsky.feed.repost/3mp7rj5gnkf2d	bafyreievz5rzk2urzdngdgyrz2w5lpxasrvkxz6su5khoogizckmjyjnj4
app.bsky.feed.threadgate/3lswt575ums22	bafyreibu5fw7zawcesvywmz5zgfk3bsobgccs3dobdcfbt74flstnofoyq
app.bsky.feed.threadgate/3mf2y35apvc2i	bafyreibf4slgh45tz4pegvdps2klo3lrijmfzovxowyfolwmn6dhpxrmua
app.bsky.feed.threadgate/3mf5pgwprik2b	bafyreifxotfii7qt7pz7zr3lynmupahurkkucbhqot3h6h42lle4fppbna
app.bsky.feed.threadgate/3mgni4shwas2k	bafyreihifr2jdqvgdrtj4ljis2n756w35k3htutszl34gfzoribjhjw3t4
app.bsky.feed.threadgate/3mik6af7p4k22	bafyreibkmgqiknpfjwktlb6eqlhfspeqphmb4sx3tclhxhnsbsci2vdrqu
app.bsky.feed.threadgate/3mjigczpd422n	bafyreiha7ghc6ps6pxu7wtlntuabpko7oabcwtdw2fclqktpkxeiaec3c4
app.bsky.feed.threadgate/3mlloo2ibwk2y	bafyreibkx4soggw3bf5yzrkecceqjchx54fn2fjyauhsfb6tmrsorv4lau
app.bsky.feed.threadgate/3mmwoyyeobs2x	bafyreibi4rrdedx2spfjpnkgbvdfbbgntu5thp75qu56qe47276xtmkvom
app.bsky.feed.threadgate/3mnkles3mh22l	bafyreieu5hfwhkrmmwonz36x5jak3653buxczx3liretvdgthhn5saovle
app.bsky.feed.threadgate/3moduzldxr22q	bafyreienqrqnx7lohykct2z65m2edhai5iog4xkfzfx6b7lcvoijt55mpq
app.bsky.graph.block/3mgbbqnqrfh2c	bafyreicgzu433qgikk74eawks3ts3c4zh7lj6gf4c7pukuwk4tcjqmxcne
app.bsky.graph.block/3mgbc3km7cc2c	bafyreibeloqvt72tmvtz5vl2hr27t2yz2mkshwdhnbjsto66smnuwjqye4
app.bsky.graph.block/3mgbc4brwak2c	bafyreifno6tvll6daeayy6b4xnekd2sqvkukb2czukwyyypifloa5zceru
app.bsky.graph.block/3mgsnjtj3my2u	bafyreihg3qnnvbrly3prdiiszyztz4dhacy52d3apaurn3wwg2bq6itdn4
app.bsky.graph.block/3mgsnjza5q32z	bafyreid6vettwf5lffghokz6jncgn4lf2xsc4ylc3mfetgnki5g7zatp4i
app.bsky.graph.block/3mgsqlktqrh26	bafyreihj6vy5bgbrztn4eofbdjtyy4ua3okev5gsd6nqgofscfakdtb5kq
app.bsky.graph.follow/3juawwtukad2v	bafyreigutl4x2bjl6w5tlq5xtjddbeppzgkvnekzkznojnugk3ekux3d4m
app.bsky.graph.follow/3juc4traoiq22	bafyreiapek7ogmx3rktycfwfvjeyxk7ul2hv2ptcs47fd7rzzwwemn6eha
app.bsky.graph.follow/3juc4ts7aqv2i	bafyreigjsp3jilgliivvkefnxj3sbqdz4hgmw37vgvcuujbhha4usk2mxy
app.bsky.graph.follow/3juc4tsr23n2i	bafyreifunnyky3kx65sl6223r42budwxspekwaww77p6ik4fouesf4zjt4
app.bsky.graph.follow/3juc4ttea5c2b	bafyreibfjvvoijdlavr2ytmxkfseo2t6ojjqvjyjq66pbjeruds2bosacq
app.bsky.graph.follow/3juc4tuoiv52i	bafyreihj2s34rm7u6usxhvs2ddgkshdy35zxstcqbevufraudzxkhvfkhe
app.bsky.graph.follow/3juc4tvc5lk2p	bafyreieemqnqlpauy3xjft4ybz72v5hcu5bae3bosxusg7m6tc4gyndbkq
app.bsky.graph.follow/3juc4tvtwwc2h	bafyreigjfa6qz47bxtvdto4xfexp66kzvwfre5cdosd2x2ocumy4fqflz4
app.bsky.graph.follow/3juc4twwkds2a	bafyreieilvhxotzo7lzgsl4u7qlvh36pftwgewccn23k5ymvxknzx6zlaq
app.bsky.graph.follow/3k3a7i7qgcj2g	bafyreig3nn6525qzbru7ffm6a3hkgvj6ieibmo6jjknhcjtifjkwgenfsa
app.bsky.graph.follow/3k3thvxaoax2f	bafyreigkf6bhk2q7novgs3zoewg4x2nd2v6yampjsqjlj5wrdr4oq4int4
app.bsky.graph.follow/3k53nbe6twj2f	bafyreiaihjcywxujyoed5h4lzz6v3hpv4mojn77fyunwnw4kh6wopcnw2i
app.bsky.graph.follow/3k53nbtu6pa2r	bafyreiahiodxjc2fv4dio5fn56cwckr3r26jgzzr3464s44ilqsebuesna
app.bsky.graph.follow/3k62ii64dys2u	bafyreibmpcovbegcznn2jdst3wx7jmw5waheq4a6dwwckrsvlrh4stzlxa
app.bsky.graph.follow/3kkqyj7l6e325	bafyreiedpq4ixo5crrnzp4ofshbv6zeumzvikn4qw6oa3su3c3vo342jem
app.bsky.graph.follow/3kkukzhubw22x	bafyreiaxs272yz7zynsm6y4pavo6c7pla5lg5lnmc2vzszesjyag5w24ke
app.bsky.graph.follow/3kkuxpa3ni22k	bafyreiaywdkoym4dsaeobrmzcfgfhhwqesiedw6fsqfseg3v73l2uxqcz4
app.bsky.graph.follow/3knhd7l3g5k2a	bafyreihelhbmcj7jyxf74jpb6mmcmpcaym2s2wcay5dzysrdiki4s5qbpy
app.bsky.graph.follow/3knrjkxvxi222	bafyreiewhc47bez4gealtfpk44byffg73muax37ftaera62qqbkjznisnm
app.bsky.graph.follow/3mf2vz4h3ol2c	bafyreicgbattzdqb26lplnxuogwctwvqieytgybhyqo7nvsrqgmnx7g3nm
app.bsky.graph.follow/3mf2w2d5ckj27	bafyreies7ejsxkhul2ashvyf6ehkxlvk6rklsu6uienreidlscsmsvmx7m
app.bsky.graph.list/3kyykgyhpqr23	bafyreibhbuegyttigm76gpztsubthnkexdxd3yplqknhjo7gfhqlqbqnzm
app.bsky.graph.listitem/3kyykgyp7wj2h	bafyreidbpjnl3gl3hu6iw5cj2skyhni2rg56dx3efi3fc42pu4yjc5w4gm
app.bsky.graph.listitem/3kyykgypavr2h	bafyreibh3lhtqbyxbsqu6m2itt3dgsomb767jslzohfz34y3fogmdmfrbm
app.bsky.graph.listitem/3kyykgypavs2h	bafyreicdthumfued5qdhyjlotlqvqftf2hmv26kyja4zashzknfq6gb6mi
app.bsky.graph.listitem/3kyykgypavt2h	bafyreiho3slrcmix7mparcwoti3srtqtrmaisupbetuwdq4gmqxlbjb2cq
app.bsky.graph.listitem/3kyykgypavu2h	bafyreigret6z2dovvha2aaaernhhn2ctm6o4tlnk5xoxf6p5lrjtprepvu
app.bsky.graph.listitem/3kyykgypavv2h	bafyreibsvdwpaw7vj3d2uulwzejhrcrhep3v2qz2lfz6vohbspf23ggzty
app.bsky.graph.listitem/3kyykgypavw2h	bafyreigqp54vpmsi3cbxqg33wcrzs3efyun46zssecqtcccdzdrb4dgwou
app.bsky.graph.listitem/3kyykgypbv62h	bafyreiglsd5gvhdqwiry34i5tv6rr7jblggqo65wzmolfwm72s6uka27ym
app.bsky.graph.listitem/3kyykgypbv72h	bafyreih5axosnypqxkezw7vshplzh63zvfo6ccgztt2dmd3liywvnqbfmm
app.bsky.graph.listitem/3kyykgypbva2h	bafyreiepy3kgh5ukmivk4uhx7ab4x26zsouw2yjouujui4s2pkoawx2wii
app.bsky.graph.listitem/3kyykgypbvb2h	bafyreibkmdjot7od7fkrcxuuser2lfyp3d7rvqhcws5azqhstmg5pqfo6q
app.bsky.graph.listitem/3kyykgypbvc2h	bafyreihecfatejpufow73pk24cxgve57prpvatlehshbamvcw6u2rsl7iu
app.bsky.graph.listitem/3kyykgypbvd2h	bafyreihvdodabrikxm4x5z4zf5vbps3a7wz76tikwazb3bfgj4hz3hsyai
app.bsky.graph.listitem/3kyykgypbve2h	bafyreieblibavdrpm24xtl3gz7uxhf24om5qhjtnleuutfk3c6areiqwem
app.bsky.graph.listitem/3kyykgypcum2h	bafyreiayget665yzjxoczcgygqseicwhshoifit2lni2wp6xnk5sccptp4
app.bsky.graph.listitem/3kyykgypcun2h	bafyreihec2lifaxttbxup26r77yuokhxnxkvb4f52wnjcsr2offm4wprsm
app.bsky.graph.listitem/3kyykgypcuo2h	bafyreigwlcw6or4fubfcc5pekdujmbejlhequtsxg7g6x4icta7gfzkvki
app.bsky.graph.listitem/3kyykgypcup2h	bafyreih6jsfx7tao4oz7raodopohvvlpqon6eazgzygdhot2ha3u7adsrm
app.bsky.graph.listitem/3kyykgypcuq2h	bafyreifk3emyduuygyyfvmcxp2d62nftgq7mzd4iw72y37nzy5syoaeoem
app.bsky.graph.listitem/3kyykgypcur2h	bafyreiacyajfsayycyiaqb6kb2gpceiuno4ssobj3q2ktua2bftquuiybu
app.bsky.graph.listitem/3kyykgypcus2h	bafyreihmue4sfsbxbk2mlafifhsgk6zi7qrqz7vrtogqzrkwkzcjv2b6he
app.bsky.graph.listitem/3kyyknc6dl62b	bafyreigfow2zecaqiyb4h2mamqj62jgzgl766stgxfl6ducoo3yugya2ba
app.bsky.graph.listitem/3kyykt2467g2y	bafyreihkjtnjcv6tsnfldaxcasr66eptohayeut4l3gxf2c5nk3gn4aheu
app.bsky.graph.listitem/3kzcv6vk4cj2r	bafyreig4hlisz7puucdw2jqzsvevvwlxdcjyxcntbw5vvqtosfjmgsfq3q
app.bsky.graph.listitem/3kzcv6vk4ck2r	bafyreievg4drljuyfs4noglkceepyraejc3r5zzgqjzyj4axgj2ui6fgoy
app.bsky.graph.listitem/3kzcv6vk4cl2r	bafyreigggyk6ngei56zt3olzw47nwz565jbdufuicbgwfu57d2huobrxcu
app.bsky.graph.listitem/3kzcv6vk4cm2r	bafyreigwo5dh7nu3xjt5oxpjkmz4da2vzkmcgrev6rmdia36a74pa4vhzu
app.bsky.graph.listitem/3kzcv6vk4cn2r	bafyreigypwcdlnwf4bxaq56addcoj5g3vakatart5rbwnzryyxakb56x3e
app.bsky.graph.listitem/3kzcx4eyxtr2a	bafyreiesvqmni7swfbkfnoz7km57d6ocfbgw6eu3evcajtxrhr4sfh3lrm
app.bsky.graph.starterpack/3kyykgysiek2i	bafyreigzj4fawg2makzyyb7rod4p4lhvcfeb5ri4uphzapokd26tux4yny
chat.bsky.actor.declaration/self	bafyreid7e7r3m3aqk3qdooo2s4vm53rr37fdgc5e2f43fvaonhthi3rpfy
community.lexicon.calendar.event/3mk6entv3wcqt	bafyreiaju4nzdr74ywtznarjfkjubfvvo74kqbo6lmzxdlv6sd7df5rwei
community.lexicon.calendar.event/3mltipta3fkw4	bafyreibhvmzs7ucils355xozvhjnn6yjo3fdm6dgbk2oekkkvpqpt2v77y
community.lexicon.calendar.event/3mmui42b6z2ir	bafyreid2ib7lpqo4axc4ovot4jl4rtvfixzktuksruzereuwfbiajyvhta
community.lexicon.calendar.event/3mnkocbxed2ki	bafyreih5opwxmjy76jpagi4muxq3ibg3xjcza2amjv2vhxwn6t5pxlyi2i
community.lexicon.calendar.event/3modupvvdls4w	bafyreihwf5ov4bl4yclvkkm2zufvmhsx2ujddzcxljmy2k6qmk446lpyfe
community.lexicon.calendar.event/3mpyxpuyuic7u	bafyreibryrf5dcaenbmwm73rqpe5kr6w5w2tqaqo5o5jsrexyn4krjzr6m
community.lexicon.calendar.rsvp/3mnd77t73t2yb	bafyreihbuoxmltysgjfy7jcol4m7vqkg2de3qtjmuwhxw7aifhfh5r5ed4
equipment.rpg.give/3mnzlxl7bwkd4	bafyreiebzksd73woozsrwpunksdoks7q5u4tedk4qzw2zuisgv7lemdpiy
equipment.rpg.give/3mnznbo5amsv2	bafyreifpi5cney2pzn5qslg4zeaa4yuwjvbweavjy2jsnk5ndhmf7hshoq
equipment.rpg.give/3mnzpbg4tvced	bafyreic23awp4jc2b33psjxztxc6icyvrmdxoosiapumjndhffir476ave
equipment.rpg.give/3mnzpkg7ot2ee	bafyreihms4fwduo42c2h33uqumsfy22rq6lvtrhwdidrzijc6apgyxmpza
equipment.rpg.give/3mnzpqmhnnsef	bafyreidv2frrmxlkjqzadyphd355jgomp6axexryi4udc36lfvx4xz5ahu
equipment.rpg.give/3mnzpsy6b3slz	bafyreiekhwv6hof4tlo6yc2mhjcxgxuxhq3tayhmwa6xy4qfuxom3ii2i4
equipment.rpg.give/3mnzpu5726km2	bafyreicqhneajhhtf2plpn6tev6znqxj6apj3exgoooy2qfd2s3nqrtbbq
equipment.rpg.give/3mnzqagut3km5	bafyreih3m3s6fezdzup27nd7vkpsufdvaw2jmvio4wa7ooatvb5bc4ksba
equipment.rpg.give/3mnzqg2psbcm6	bafyreicalrfif3ftcxk5ir75stgsaroalqqvszemod6atwtbexpulxyivm
equipment.rpg.give/3mnzqqdhvt2ma	bafyreifkz27vxalk4ozzrckj3jgdjz6spapjvc66qgzirptdhghjc75h7a
equipment.rpg.give/3mnzqqryrscmd	bafyreict2ntdeiihskuqjlroyt2ms76q5tdy2chgbdzworseovsgnjqxwe
equipment.rpg.give/3mnzr3b5bfcme	bafyreid5py5zynwtsz62jqi6lkxy4lfp5mf5kgqeo4cvcftwpktazjhtpe
equipment.rpg.give/3mnzrh6rx2kmf	bafyreiehrjxfflenbax44utbrpcrkdf2t7xtisrols2szogmaxghonp4mm
equipment.rpg.give/3mnzrhf3s22mg	bafyreifdwz6dapm3zqsyjaj5f2f3kudmkwesbaai2deqbjj5t4wgvuy3mq
equipment.rpg.give/3mnzrt7reqcqm	bafyreiagofa6iq3wbiqlcullsiizt6gnyls76h4fdcg6jqzopa2joamf5e
equipment.rpg.give/3mnzsosmb2kim	bafyreibwdrfqpiuvp3iouzbu5rf5ocnkvgm6qhw3457qaelfdkknurmbdm
equipment.rpg.give/3mnzxjd5qusaw	bafyreie4c2u45xr4euncotzooerwgzcfogj5m24axasv5j7sqrfr37akae
equipment.rpg.give/3mo24433ol2b2	bafyreicphatdgje76vu4yxcsq2g2oyrm7hykka2z3bmna6oaekuffmegcu
equipment.rpg.give/3mo2agp4jrsb4	bafyreiasm5yvckdit33cov5bw2mlo4gnvi3xdy4xrxh2fncsoy2ldy6i7q
equipment.rpg.give/3mo2iitn2dkb5	bafyreidc6533c2xbdyb5ik27ddkdrq5mpasxvfdndbndhixgwgvxrnimyy
equipment.rpg.give/3mo36vczqn2ig	bafyreid5k6fxktqmvvmlcpfb2uq45h3onuzgotaibqtd3nkhlx2xoqknni
equipment.rpg.give/3mo4g7rrqokqh	bafyreiaxlyc72zbscn3tssgniylyhor6vh2rankjeljw2shdtuckizxny4
equipment.rpg.give/3mo6onyw3wkt5	bafyreidruuegzenytajrzgjhjduh54vmfnlc23ftd44v3hrm2sy5onnkjy
equipment.rpg.give/3mo7bkcucmktg	bafyreidcg2hka724rwp74xyqd4u5w4niojydblt6htqbqcpmewhuwxkky4
equipment.rpg.give/3momo72d4okop	bafyreic4i56s55ctm4c5qqn2iibeqmwpipleqtvu2ta3ubftlm7xw6tzqy
equipment.rpg.give/3mpktimgrhk3u	bafyreigojabvc6aqunfpwbr3nw4lkpxytm2uzjb6dm2tbo3vsy6znm5nvi
events.smokesignal.calendar.eventConfiguration/3mnkocbxed2ki	bafyreibw7haazg7hk2oauf37d7kzqdx7uu7v7q3g4zalvinnnvaid5whja
place.stream.broadcast.origin/did:plc:ewvi7nxzyoun6zhxrhs64oiz::did:web:prod-sea0.stream.place	bafyreify3wvpv46y7ulw5wrairgzueoi5dwdc444r76oauobzon5xrdyuq
place.stream.chat.message/3mlw22sw6wt2x	bafyreib4voepfxd62ctlxxqqvxusn6ajnbjszqy5xymf6qux3vhj6zebja
place.stream.chat.message/3mlw2wqixux2o	bafyreig7giisfhi65wsy5ai7r2kku76divsfscmglcb3dlpgqyikokefem
place.stream.chat.message/3mmz6y2jsxr2a	bafyreihkjmhxdkzvc6ogkyntieqszqak6kycsqpr3cu3byhvqmhj5wyy7q
place.stream.chat.message/3mmz7hs6i252o	bafyreiey7l7wvhrt4qrq2hdobutkpbufulmzf54aig32g4bhhe7i2ed2yu
place.stream.chat.message/3mmz7i3bjoz2f	bafyreieqck3gzhgfdfg7x4e2iwrj4vczwor4hepon36kpy6xuqdi2lpe3m
place.stream.chat.message/3mmz7nxpehy2l	bafyreigdyguaycqgrzvr5huzymtfkkl3pirtm3s7imvmge3wesm2trc4j4
place.stream.chat.message/3mmz7qhdjmq2o	bafyreifi6jityzjdauzu2m3p626jwquc4nissfzydzdlyph4ddb56piwlu
place.stream.chat.message/3mmz7vqcobb2a	bafyreicnd6dufo5edewzh4bacf6hbbrmj6j2t76ygptyuzg5qrxb5gufhi
place.stream.chat.message/3mmza6ryqlz2o	bafyreie3snuytl2gk5buvdhtlozelzg7iz6bervoryzoph3hgcmv2whiia
place.stream.chat.message/3mmzaxzpxvi22	bafyreihwttidagxpghlajnyvizeawskayrk6anqmlpvasaut4vicofv5lm
place.stream.chat.message/3mmzaz3oqyi24	bafyreihd5nwmz7qjfvfmzx3v2wvlrwmj6merw5szwgt4d4tmdy73mwwfne
place.stream.chat.message/3mmzba2wrru2f	bafyreihwazfdwz3437z2lis6oyck3uqrxbeniec7463x4brfbie3jywmnm
place.stream.chat.message/3mmzbbq3llr22	bafyreigtqenb65fx4bbv5vtyeeise2cybphjnyz7runsyxjblvcvc2hccq
place.stream.chat.message/3mmzbehlf7o24	bafyreifmaala7wootemuemofzrxycfobyqgacdg6slednzrfmg762im6x4
place.stream.chat.message/3mmzbndh5tq22	bafyreicv6k6wcz2dhchotqjzoeq7jg22y5nkleigue7qwxwspmlmexbbxe
place.stream.chat.message/3mnx6xph37c2i	bafyreiabduf32wbaxyotoisphlbcb7bkfw4rqrekkupxsgwkah5najvkpy
place.stream.chat.message/3mnx76zxgu42b	bafyreibaq47hg2d22il3cmqodk5tkkl2op5hihetclhcg7gnybynkg36vy
place.stream.chat.message/3mnx7aflsfo2k	bafyreibookrh4nwrcirv7pexacpz7env3dqzchybdzcsajbuoubf5lnxei
place.stream.chat.message/3mnx7g2wr5y2k	bafyreiadel2eeskmu2xbgjcjmjunx5nwgxo7mtyyfkkkykucf6xe4yv4s4
place.stream.chat.message/3mnx7p2u2hq23	bafyreid4pw2c3zeimc3poeqtsoms5dmdylbyh4tsyqdv3npjhgxwzdq63q
place.stream.chat.message/3mnx7tfjv4c2k	bafyreiaww34r3iqfex6e4siiks6xx544o7i4cnwphm3lf4owiufhscd2xe
place.stream.chat.message/3mnxafhshha2i	bafyreiadzxks3tjgwy3rdqnwsm2fbwplxmo26ptn4r5yxtclijp4zsrqo4
place.stream.chat.message/3mnxahxgfux23	bafyreib3whqhogarmrugxtc5dc3hri6yhlydsgkn6ucud52es4irianp7m
place.stream.chat.message/3mnxajrury62b	bafyreie7skcz7wpxay5r4ebt5a5kpdpw2sylij5fkparq7cjgl36pybweu
place.stream.chat.message/3mnxaoxck3a2d	bafyreifrzh35ciw5opjfrnlffufazwdnbmdmc2ganfa4mu64p3wxbp6ou4
place.stream.chat.message/3mnxasyhkhf2g	bafyreifmtzize5fxsazd77zhoq3e4fodphnrt4bcax7qgvgvswzegh5veq
place.stream.chat.message/3mnxawlw6qw2b	bafyreidiy5hby4547fx56ruwkwajkfnh6a3sbhassgweqaccyfrlyfdy2y
place.stream.chat.message/3mp2fkwm5gh2a	bafyreigv2f3aqay36ruz2n5vp6chmxqlxadvbbuu7lqrh6knv4n34ulb2u
place.stream.chat.message/3mp2fmhowuf2y	bafyreigkmdio63japcdfzafrxm2ov6nlig37unqte7y6dybvqd7uwkycpa
place.stream.chat.message/3mp2foecpxk2r	bafyreif5ytwwuverasvnp45xirhk62znix7amatw5u46ksbi7vehi53knq
place.stream.chat.message/3mp2ftzq5kc2y	bafyreiea3gtmmoqpc5n5ovcz3mus3ckm54yqxf6axvyaf6vsmhzv5wxzlm
place.stream.chat.message/3mp2fxyc3ni24	bafyreicfdcsofmwdcs3zturczuvzfbecuddzkbumgrhv4i2re4mimzqliq
place.stream.chat.message/3mp2fyaw57q24	bafyreia5tpec5fzczqi3crhjvuywvt66aqrkim2izau7gjn6ufy7yw4rma
place.stream.chat.message/3mp2g2ubiml22	bafyreido4z5jllv3yy74hrx7ebzbabzazsxvmaboupg5aolf3sibm3htgu
place.stream.chat.message/3mp2g5wlnii2s	bafyreig5mygmfjhtu7eqrq2ngnwt6cyu4s34sumfqejhnng6j6vjnmx5q4
place.stream.chat.message/3mq5l7klhj72n	bafyreiboihufurl5ofnp2xm4xq2o6pjnn33vrpfujaq3ajruzkrnrbr7be
place.stream.chat.message/3mq5lz6lpyt2n	bafyreib5zekv6iqrq6vtv4ogmagyerokvs2ecbcvfts6eidhtinp4yz2qu
place.stream.chat.message/3mq5mhsrjuj2j	bafyreieqdljvjxaylqlpbgiu2kvvtfrwoe4g2jjmyuz72qogkodsp2nvsy
place.stream.chat.message/3mq5mpnwet62d	bafyreih4i7uzx6van3wmxj3xgidsnbc2l6nfc35p2wmffklxacz2u4ktey
place.stream.chat.message/3mq5mv7gl6r2j	bafyreif626qtmh5vrivaaw5i5val3524zvszx5pykjcdl6gsrs3ydusoeq
place.stream.chat.message/3mq5nez2r7x2b	bafyreiabzsyuupncejckb2piaet33pdmynx2jqgeai4yoayl4qzq6mah6a
place.stream.chat.message/3mq5nfw7qse2l	bafyreidnkasmxzvdl46ahpbrnu5hweoxykyk3yh4pj56tda6roo2cjozjy
place.stream.chat.message/3mq5njnpxl62e	bafyreieoxoviwgvuvbo6hnfi7te4mukhx2agddffvf4tfsq42kiyariwee
place.stream.chat.profile/self	bafyreibwyouueruwzhv7zsyp7sj2mclycfrgtjgktb4ybdbbksgz4wm2dm
place.stream.key/3mkb42ws2o32x	bafyreia7l5dc4qhxpvyi3j6jxfdtpuuos7d6zjooavtcls6hl34263bewa
place.stream.livestream/3mkbbazg7gr2x	bafyreigxnokw3dagvhdfdhuwnpf4xlgffvzirnhyyknw3uv4hpe4hwqu64
place.stream.livestream/3mlvzf3x7um23	bafyreidhepjypd66xuj7ws7p3fbdvievuwyv6jytsl4hoapkls3hooqdle
place.stream.livestream/3mlvzfwslhs2s	bafyreiepfiyx6muo5ukeaxptvq4lq2pughs7atyllb6m4jxylrnuvcmxtq
place.stream.livestream/3mlvzgdlyjo2h	bafyreibgisntfdxydfg6ekfl4u72v4kjxx5tq2aru5gofjhs4ym3lnht7a
place.stream.livestream/3mmz6wvl3p72z	bafyreib6clehfgotth5l6hacaahs74lgn2elm7mv6x2hqehoigvsb5lxei
place.stream.livestream/3mnx6rovppa2c	bafyreibafbvkmyyy4xilpkcp7frytdcpobxa62tyuddd4jzx3f4xleuiae
place.stream.livestream/3mp2fbgqmuo2i	bafyreidix54yefyasa324lwkmjfae4fgjgk7lv5iyfjtlfbrhef4jyrtfq
place.stream.livestream/3mq5lslurhd2x	bafyreig4regpf2nfzgyyrly2urgxst4ct5ad5ttasazzail37fzgx3iu5m
site.standard.document/3mf2xqqmqwv2c	bafyreidydu5z4yrahhcpaosq6ur4o77bvlex2lehxiy27jh7yrym7mlade
site.standard.document/3mf5nqccefe2l	bafyreihuo22r7zqgystq4yly5tsh57wbeze565hhiq4zrzun7avdsyjlny
site.standard.document/3mg66fsfl7w2k	bafyreidc7ent6hcmt2ysfjbmkiawx2cz6vbrmx2wiykbrj7cxm67ap64wa
site.standard.document/3mgncugrajx2u	bafyreifyomeonfc4xozzxk4ikgdw5rjjajim77ube2adsc3h54zzzzntze
site.standard.document/3mhikwzor532k	bafyreigdrratpipx6jb32zp57pcvuk7jbk3p7gvyhitlizulovtfbi6bem
site.standard.document/3mhtaoxcz4w2t	bafyreifb2fceumjhkxoxiulazjfhnbli4lv6pdw4vt2osy2orvaxepr2ju
site.standard.document/3mik3bpclle25	bafyreic7wtqdkmstgfyh5jcklipxgouxivw4volakkazkwemy7demhvcvy
site.standard.document/3mimhdmwe7t25	bafyreigygivvgaru24tlbgql74z7cf7nx4tmybu6rjncoravvfntht2hpu
site.standard.document/3mji7laev2i2v	bafyreibbarrr6ud4sm6oceg7oqeu7wh5zvzeyz5i7piclk53ub7qnvoqzi
site.standard.document/3mmcaeetnst2j	bafyreigrfxnjaks3qpjavv72x5eg3nh6u2gpohi2qr2x2fdvkdj22jprte
site.standard.document/3mmcagn3pbr2o	bafyreibuliwbyo2etruv5owkf2m3b6egy2qwol6naiwolnhacdtndshh6u
site.standard.document/3mmf6sql32b2n	bafyreia7htdgegiew6qgjo5awr5xpq2om4payrgkgx7gkaifbzliknwqgu
site.standard.document/3mmwflzsgoe2w	bafyreieejpvxyw4txtltgdsi2u5qbhwojca2cqan2n75yj5r6od2wwboda
site.standard.document/3mnikwzsitg2i	bafyreidlwnw4mker54gyonlro236xzoqfkfzzidpasp6lskudcfekrv564
site.standard.document/3mnzovv24jy2v	bafyreideeqoixcdas47mz3qimhau7earbrhk5qiff4uolq7j7zyxdofj7e
site.standard.document/3molljm4jwh2s	bafyreidusrdpnp2mdmllmvhb62ph2747kplydvoefvtoze5iy7so5acreq
site.standard.document/3mp2bntgfiv2a	bafyreiblyqrm7qgzkzq3vvzi5lnnuocrvnmpqfqljmb42sxa6g2kvcuzkq
site.standard.publication/3memeaezix223	bafyreifovmxsz426z7hcg2zwspz2evlzazkey4rbwiyrf5vn63gidt4i7e
